"Lizenzliste: Walter de Gruyter Online-Zeitschriften LLH1 AL [EZB-NALFK-00448]"			 			 			 			 			 	
"Datum: 11.10.2018 um 12:40 Uhr"			 			 			 			 			 	
"Typ der Lizenzen: Alle angezeigten Lizenzen"			 			 			 			 			 	
 			 			 			 			 			 	
"EZB-Id"	"Titel"	"Verlag"	"Fach"	"E-ISSN"	"P-ISSN"	"ZDB-Nummer"	"FrontdoorURL"	"Link zur Zeitschrift"	"erstes Jahr"	"erstes volume"	"erstes issue"	"letztes Jahr"	"letztes volume"	"letztes issue"	"Embargo"	"Schlagworte"
157023	"ABI-Technik : Zeitschrift für Automation, Bau und Technik im Archiv-, Bibliotheks- und Informationswesen"	"De Gruyter Saur"	"Informations-, Buch- und Bibliothekswesen, Schrift- und Handschriftenkunde"	"2191-4664"	"0720-6763"	"2598795-1"	"http://ezb.uni-regensburg.de/detail.phtml?bibid=NALFK&jour_id=157023"	"http://www.degruyter.com/view/j/abitech?recentIssue=true"	1996	16						"Bibliotheksbau;Bibliotheksautomation;Bibliothekstechnik"
106411	"African Book Publishing Record, The"	"de Gruyter"	"Informations-, Buch- und Bibliothekswesen, Schrift- und Handschriftenkunde"	"1865-8717"	"0306-0322"	"2430637-X"	"http://ezb.uni-regensburg.de/detail.phtml?bibid=NALFK&jour_id=106411"	"http://www.degruyter.com/view/j/abpr?recentIssue=true"	1975	1						"Verlagswesen Afrika"
160043	"Angermion"	"de Gruyter"	"Anglistik. Amerikanistik;Germanistik. Niederländische Philologie. Skandinavistik"	"1868-9426"	"1438-2091"	"2606724-9"	"http://ezb.uni-regensburg.de/detail.phtml?bibid=NALFK&jour_id=160043"	"http://www.degruyter.com/view/j/ang?recentIssue=true"	2010	3						"Allgemeine Germanistik;Allgemeine Anglistik"
101200	"Anglia : Journal of English Philology = Zeitschrift für englische Philologie"	"Niemeyer ; de Gruyter"	"Anglistik. Amerikanistik"	"1865-8938"	"0340-5222"	"2406132-3"	"http://ezb.uni-regensburg.de/detail.phtml?bibid=NALFK&jour_id=101200"	"http://www.degruyter.com/view/j/angl?recentIssue=true"	1878	1						"Englische Sprachwissenschaft;Englische Literaturwissenschaft"
205002	"Annalen des Historischen Vereins für den Niederrhein, insbesondere das Alte Erzbistum Köln "	"Böhlau ; De Gruyter"	"Geschichte"	"2194-3818"	"0341-289X"	"2747667-4"	"http://ezb.uni-regensburg.de/detail.phtml?bibid=NALFK&jour_id=205002"	"http://www.degruyter.com/view/j/annalen?recentIssue=true"	1855	1						"Landesgeschichte Deutschland;Nordrhein-Westfalen"
39551	"Antike und Abendland"	"de Gruyter"	"Klassische Philologie. Byzantinistik. Mittellateinische und neugriechische Philologie. Neulatein"	"1613-0421"	"0003-5696"	"2131693-4"	"http://ezb.uni-regensburg.de/detail.phtml?bibid=NALFK&jour_id=39551"	"http://www.degruyter.com/view/j/anti?recentIssue=true"	1944	1						"Alte Geschichte"
160303	"Apeiron : A Journal for Ancient Philosophy and Science"	"de Gruyter"	"Naturwissenschaft allgemein;Philosophie"	"2156-7093"	"0003-6390"	"2485291-0"	"http://ezb.uni-regensburg.de/detail.phtml?bibid=NALFK&jour_id=160303"	"http://www.degruyter.com/view/j/apeiron?recentIssue=true"	1967	1						"Philosophie der Antike;Wissenschaftstheorie"
145329	"Applied Linguistics Review "	"Mouton de Gruyter"	"Allgemeine und vergleichende Sprach- und Literaturwissenschaft. Indogermanistik. Außereuropäische Sprachen und Literaturen"	"1868-6311"	"1868-6303"	"2575065-3"	"http://ezb.uni-regensburg.de/detail.phtml?bibid=NALFK&jour_id=145329"	"http://www.degruyter.com/view/j/alr?recentIssue=true"	2010	1						"Allgemeine Linguistik"
103188	"Arbitrium : Zeitschrift für Rezensionen zur germanistischen Literaturwissenschaft"	"Niemeyer ; de Gruyter"	"Germanistik. Niederländische Philologie. Skandinavistik"	"1865-8849"	"0723-2977"	"2415702-8"	"http://ezb.uni-regensburg.de/detail.phtml?bibid=NALFK&jour_id=103188"	"http://www.degruyter.com/view/j/arbi?recentIssue=true"	1983	1						"Germanistische Literaturwissenschaft"
46683	"Arcadia: Internationale Zeitschrift für Literaturwissenschaft - International Journal for Literary Studies"	"de Gruyter"	"Allgemeine und vergleichende Sprach- und Literaturwissenschaft. Indogermanistik. Außereuropäische Sprachen und Literaturen"	"1613-0642"	"0003-7982"	"2158551-9"	"http://ezb.uni-regensburg.de/detail.phtml?bibid=NALFK&jour_id=46683"	"http://www.degruyter.com/view/j/arca?recentIssue=true"	1966	1						"Allgemeine Literaturwissenschaft;Vergleichende Literaturwissenschaft"
205009	"Archiv für Diplomatik, Schriftgeschichte, Siegel- und Wappenkunde"	"Böhlau ; De Gruyter"	"Geschichte;Wissenschaftskunde, Forschung, Hochschul-, Museumswesen"	"2194-5020"	"0066-6297"	"2747676-5"	"http://ezb.uni-regensburg.de/detail.phtml?bibid=NALFK&jour_id=205009"	"http://www.degruyter.com/view/j/afd?recentIssue=true"	1955	1						"Archivwesen;Siegelkunde;Heraldik"
10078	"Archiv für Geschichte der Philosophie"	"de Gruyter"	"Philosophie"	"1613-0650"	"0003-9101"	"2045579-3"	"http://ezb.uni-regensburg.de/detail.phtml?bibid=NALFK&jour_id=10078"	"http://www.degruyter.com/view/j/agph?recentIssue=true"	1888	1						"Geschichte der Philosophie"
205062	"Archiv für Kulturgeschichte (AKG)"	"Böhlau ; De Gruyter"	"Geschichte"	"2194-3958"	"0003-9233"	"2749468-8"	"http://ezb.uni-regensburg.de/detail.phtml?bibid=NALFK&jour_id=205062"	"http://www.degruyter.com/view/j/akg?recentIssue=true"	1903	1						"Allgemeine Geschichtswissenschaften"
123168	"Archiv für Papyrusforschung und verwandte Gebiete"	"de Gruyter"	"Archäologie"	"1867-1551"	"0066-6459"	"2502690-2"	"http://ezb.uni-regensburg.de/detail.phtml?bibid=NALFK&jour_id=123168"	"http://www.degruyter.com/view/j/apf?recentIssue=true"	1901	1						"Ägyptologie"
112015	"Archiv für Religionsgeschichte"	"de Gruyter"	"Theologie und Religionswissenschaft"	"1868-8888"	"1436-3038"	"2470935-9"	"http://ezb.uni-regensburg.de/detail.phtml?bibid=NALFK&jour_id=112015"	"http://www.degruyter.com/view/j/afgs?recentIssue=true"	1999	1						"Religionsgeschichte"
205408	"Archivalische Zeitschrift"	"Böhlau ; De Gruyter"	"Wissenschaftskunde, Forschung, Hochschul-, Museumswesen"	"2194-3826"	"0003-9497"	"2750019-6"	"http://ezb.uni-regensburg.de/detail.phtml?bibid=NALFK&jour_id=205408"	"http://www.degruyter.com/view/j/az?recentIssue=true"	1876	1						"Archivwesen"
103187	"Aschkenas : Zeitschrift für Geschichte und Kultur der Juden"	"Niemeyer ; de Gruyter"	"Geschichte"	"1865-9438"	"1016-4987"	"2052844-9"	"http://ezb.uni-regensburg.de/detail.phtml?bibid=NALFK&jour_id=103187"	"http://www.degruyter.com/view/j/asch?recentIssue=true"	1992	2						"Jüdische Geschichte"
213608	"Asiatische Studien : Zeitschrift der Schweizerischen Asiengesellschaft = Etudes Asiatiques : Revue de la Société Suisse - Asie "	"de Gruyter"	"Allgemeine und vergleichende Sprach- und Literaturwissenschaft. Indogermanistik. Außereuropäische Sprachen und Literaturen;Ethnologie (Volks- und Völkerkunde);Geschichte"	"2235-5871"	"0004-4717"	"2610886-0"	"http://ezb.uni-regensburg.de/detail.phtml?bibid=NALFK&jour_id=213608"	"http://www.degruyter.com/view/j/asia?recentIssue=true"	2014	68						"Sinologie"
103835	"Beiträge zur Geschichte der Deutschen Sprache und Literatur (PBB, Paul-Braunes Beiträge) (1874 -)"	"Niemeyer ; de Gruyter"	"Germanistik. Niederländische Philologie. Skandinavistik"	"1865-9373"	"0005-8076"	"2418115-8"	"http://ezb.uni-regensburg.de/detail.phtml?bibid=NALFK&jour_id=103835"	"http://www.degruyter.com/view/j/bgsl?recentIssue=true"	1874	1						"Deutsche Literaturwissenschaft"
262	"Bibliothek : Forschung und Praxis"	"de Gruyter"	"Informations-, Buch- und Bibliothekswesen, Schrift- und Handschriftenkunde"	"1865-7648"	"0341-4183"	"2027357-5"	"http://ezb.uni-regensburg.de/detail.phtml?bibid=NALFK&jour_id=262"	"http://www.degruyter.com/view/j/bfup?recentIssue=true"	1977	1						"Allgemeines Bibliothekswesen;Wissenschaftliches Bibliothekswesen"
193781	"Bibliotheksdienst"	"de Gruyter"	"Informations-, Buch- und Bibliothekswesen, Schrift- und Handschriftenkunde"	"2194-9646"	"0006-1972"	"1465932-3"	"http://ezb.uni-regensburg.de/detail.phtml?bibid=NALFK&jour_id=193781"	"http://www.degruyter.com/view/j/bd?recentIssue=true"	1967	1						"Allgemeines Bibliothekswesen"
205604	"Bildung und Erziehung (-2017)"	"Böhlau ; De Gruyter"	"Pädagogik"	"2194-3834"	"0006-2456"	"2750961-8"	"http://ezb.uni-regensburg.de/detail.phtml?bibid=NALFK&jour_id=205604"	"http://www.degruyter.com/view/j/bue?recentIssue=true"	1948	1		2017	70			"Allgemeine pädagogische Zeitschriften"
106400	"Byzantinische Zeitschrift (incl. Supplementum bibliographicum)"	"de Gruyter"	"Klassische Philologie. Byzantinistik. Mittellateinische und neugriechische Philologie. Neulatein"	"1864-449X"	"0007-7704"	"2430676-9"	"http://ezb.uni-regensburg.de/detail.phtml?bibid=NALFK&jour_id=106400"	"http://www.degruyter.com/view/j/byzs?recentIssue=true"	1892	1						"Byzantinistik"
172084	"Chinese Archaeology"	"de Gruyter"	"Archäologie"	"2160-5068"	"2160-5025"	"2645775-1"	"http://ezb.uni-regensburg.de/detail.phtml?bibid=NALFK&jour_id=172084"	"http://www.degruyter.com/view/j/char?recentIssue=true"	2001	1						"Sinologie"
172085	"Chinese as a Second Language Research"	"de Gruyter"	"Allgemeine und vergleichende Sprach- und Literaturwissenschaft. Indogermanistik. Außereuropäische Sprachen und Literaturen"	"2193-2271"	"2193-2263"	"2645776-3"	"http://ezb.uni-regensburg.de/detail.phtml?bibid=NALFK&jour_id=172085"	"http://www.degruyter.com/view/j/caslar?recentIssue=true"	2012	1						"Sinologie"
170671	"Chinese Journal of Applied Linguistics "	"de Gruyter"	"Allgemeine und vergleichende Sprach- und Literaturwissenschaft. Indogermanistik. Außereuropäische Sprachen und Literaturen"	"2192-9513"	"2192-9505"	"2627949-6"	"http://ezb.uni-regensburg.de/detail.phtml?bibid=NALFK&jour_id=170671"	"http://www.degruyter.com/view/j/cjal?recentIssue=true"	2011	34						"Allgemeine Linguistik"
4486	"Cognitive Linguistics : An Interdisciplinary Journal of Cognitive Science"	"Mouton de Gruyter"	"Allgemeine und vergleichende Sprach- und Literaturwissenschaft. Indogermanistik. Außereuropäische Sprachen und Literaturen"	"1613-3641"	"0936-5907"	"1476602-4"	"http://ezb.uni-regensburg.de/detail.phtml?bibid=NALFK&jour_id=4486"	"http://www.degruyter.com/view/j/cogl?recentIssue=true"	1990	1						"Allgemeine Linguistik"
124245	"Cognitive Linguistics Bibliography"	"Mouton de Gruyter"	"Allgemeine und vergleichende Sprach- und Literaturwissenschaft. Indogermanistik. Außereuropäische Sprachen und Literaturen"	"1861-048X"	""	"2234483-4"	"http://ezb.uni-regensburg.de/detail.phtml?bibid=NALFK&jour_id=124245"	"http://www.degruyter.com/view/db/cogbib"	2006							"Allgemeine Linguistik"
135059	"Cognitive Semiotics"	"Peter Lang ; De Gruyter"	"Allgemeine und vergleichende Sprach- und Literaturwissenschaft. Indogermanistik. Außereuropäische Sprachen und Literaturen"	"1662-1425"	"1662-1425"	"2556380-4"	"http://ezb.uni-regensburg.de/detail.phtml?bibid=NALFK&jour_id=135059"	"http://www.degruyter.com/view/j/cogsem?recentIssue=true"	2007	1						"Semiotik"
25428	"Communications : The European Journal of Communication Research (COMM)"	"de Gruyter"	"Medien- und Kommunikationswissenschaften, Publizistik"	"1613-4087"	"0341-2059"	"2084562-5"	"http://ezb.uni-regensburg.de/detail.phtml?bibid=NALFK&jour_id=25428"	"http://www.degruyter.com/view/j/comm?recentIssue=true"	1976	2						"Kommunikationswissenschaft"
53241	"Corpus Linguistics and Linguistic Theory"	"de Gruyter"	"Allgemeine und vergleichende Sprach- und Literaturwissenschaft. Indogermanistik. Außereuropäische Sprachen und Literaturen"	"1613-7035"	"1613-7027"	"2180564-7"	"http://ezb.uni-regensburg.de/detail.phtml?bibid=NALFK&jour_id=53241"	"http://www.degruyter.com/view/j/cllt?recentIssue=true"	2005	1						"Allgemeine Linguistik"
213612	"Demokratie und Geschichte"	"Böhlau ; De Gruyter"	"Geschichte;Politologie"	"2307-2881"	"2227-7633"	"2761089-5"	"http://ezb.uni-regensburg.de/detail.phtml?bibid=NALFK&jour_id=213612"	"http://www.degruyter.com/view/j/dug?recentIssue=true"	1997	1						"Demokratie;Zeitgeschichte"
39550	"Deutsche Zeitschrift für Wirtschafts- und Insolvenzrecht (DZWir) (früher: Deutsche Zeitschrift für Wirtschaftsrecht)"	"de Gruyter"	"Rechtswissenschaft;Wirtschaftswissenschaften"	"1612-7056"	"0940-1555"	"2131655-7"	"http://ezb.uni-regensburg.de/detail.phtml?bibid=NALFK&jour_id=39550"	"http://www.degruyter.com/view/j/dwir?recentIssue=true"	1991	1						"Wirtschaftsrecht"
219723	"Deutsches Dante-Jahrbuch "	"de Gruyter Mouton"	"Romanistik"	"2194-4059"	"0070-444X"	"2783191-7"	"http://ezb.uni-regensburg.de/detail.phtml?bibid=NALFK&jour_id=219723"	"http://www.degruyter.com/view/j/dante"	1949	28						"Französische Literaturwissenschaft"
123165	"Dialectologia et Geolinguistica"	"Mouton de Gruyter"	"Allgemeine und vergleichende Sprach- und Literaturwissenschaft. Indogermanistik. Außereuropäische Sprachen und Literaturen"	"1867-0903"	"0942-4040"	"2502679-3"	"http://ezb.uni-regensburg.de/detail.phtml?bibid=NALFK&jour_id=123165"	"http://www.degruyter.com/view/j/dig?recentIssue=true"	1993	1						"Dialektologie"
205630	"Donauraum, Der"	"Böhlau ; De Gruyter"	"Geschichte;Politologie;Soziologie"	"2307-289X"	"0012-5415"	"2751120-0"	"http://ezb.uni-regensburg.de/detail.phtml?bibid=NALFK&jour_id=205630"	"http://www.degruyter.com/view/j/dnrm?recentIssue=true"	1956	1						"Länderbericht Europa;Europäische Geschichte"
109579	"Editio : Internationales Jahrbuch für Editionswissenschaft"	"de Gruyter; Niemeyer"	"Informations-, Buch- und Bibliothekswesen, Schrift- und Handschriftenkunde"	"1865-9446"	"0931-3079"	"2454656-2"	"http://ezb.uni-regensburg.de/detail.phtml?bibid=NALFK&jour_id=109579"	"http://www.degruyter.com/view/j/edit?recentIssue=true"	1988	2						"Buchhandel"
109616	"English and American Studies in German"	"Niemeyer ; de Gruyter"	"Anglistik. Amerikanistik"	"1865-8946"	"0071-0490"	"2446619-0"	"http://ezb.uni-regensburg.de/detail.phtml?bibid=NALFK&jour_id=109616"	"http://www.degruyter.com/view/j/east?recentIssue=true"	1969	1						"Allgemeine Anglistik"
172105	"Etruscan Studies"	"de Gruyter"	"Archäologie;Klassische Philologie. Byzantinistik. Mittellateinische und neugriechische Philologie. Neulatein"	"2163-8217"	"1080-1960"	"2503414-5"	"http://ezb.uni-regensburg.de/detail.phtml?bibid=NALFK&jour_id=172105"	"http://www.degruyter.com/view/j/etst?recentIssue=true"	1994	1						"Klassische Archäologie"
46515	"European Company and Financial Law Review (ECFR)"	"de Gruyter"	"Rechtswissenschaft"	"1613-2556"	"1613-2548"	"2152166-9"	"http://ezb.uni-regensburg.de/detail.phtml?bibid=NALFK&jour_id=46515"	"http://www.degruyter.com/view/j/ecfr?recentIssue=true"	2004	1						"Wirtschaftsrecht"
198728	"European Journal of Applied Linguistics"	"de Gruyter"	"Allgemeine und vergleichende Sprach- und Literaturwissenschaft. Indogermanistik. Außereuropäische Sprachen und Literaturen"	"2192-953X"	"2192-9521"	"2722383-8"	"http://ezb.uni-regensburg.de/detail.phtml?bibid=NALFK&jour_id=198728"	"http://www.degruyter.com/view/j/eujal?recentIssue=true"	2013	1						"Linguistik"
150790	"European Journal of Scandinavian Studies (EJSS; Formerly: Skandinavistik)"	"de Gruyter"	"Germanistik. Niederländische Philologie. Skandinavistik"	"2191-9402"	"0342-8427"	"2589898-X"	"http://ezb.uni-regensburg.de/detail.phtml?bibid=NALFK&jour_id=150790"	"http://www.degruyter.com/view/j/ejss?recentIssue=true"	2010	38						"Skandinavistik"
172108	"European Property Law Journal"	"de Gruyter"	"Rechtswissenschaft"	"2190-8362"	"2190-8273"	"2645916-4"	"http://ezb.uni-regensburg.de/detail.phtml?bibid=NALFK&jour_id=172108"	"http://www.degruyter.com/view/j/eplj?recentIssue=true"	2012	1						"Urheberrecht"
55710	"European Review of Contract Law (ERCL)"	"de Gruyter"	"Rechtswissenschaft"	"1614-9939"	"1614-9920"	"2190950-7"	"http://ezb.uni-regensburg.de/detail.phtml?bibid=NALFK&jour_id=55710"	"http://www.degruyter.com/view/j/ercl?recentIssue=true"	2005	1						"Wirtschaftsrecht"
151149	"European Tort Law Yearbook"	"de Gruyter"	"Rechtswissenschaft"	"2190-7781"	"2190-7773"	"2592813-2"	"http://ezb.uni-regensburg.de/detail.phtml?bibid=NALFK&jour_id=151149"	"http://www.degruyter.com/view/j/etly?recentIssue=true"	2010	2009						"Zivilrecht"
15317	"Fabula"	"de Gruyter"	"Allgemeine und vergleichende Sprach- und Literaturwissenschaft. Indogermanistik. Außereuropäische Sprachen und Literaturen"	"1316-0464"	"0014-6242"	"2049688-6"	"http://ezb.uni-regensburg.de/detail.phtml?bibid=NALFK&jour_id=15317"	"http://www.degruyter.com/view/j/fabl?recentIssue=true"	1958	1						"Erzählforschung"
195158	"Figurationen : Gender, Literatur, Kultur "	"Böhlau ; De Gruyter"	"Allgemeines, Fachübergreifendes;Soziologie"	"2194-363X"	"1439-4367"	"2097657-4"	"http://ezb.uni-regensburg.de/detail.phtml?bibid=NALFK&jour_id=195158"	"http://www.degruyter.com/view/j/figurationen?recentIssue=true"	1999							"Genderforschung;Frauenliteratur"
52771	"Folia Linguistica (inkl. Folia Linguistica Historica)"	"de Gruyter"	"Allgemeine und vergleichende Sprach- und Literaturwissenschaft. Indogermanistik. Außereuropäische Sprachen und Literaturen"	"1614-7308"	"0165-4004"	"2202459-1"	"http://ezb.uni-regensburg.de/detail.phtml?bibid=NALFK&jour_id=52771"	"http://www.degruyter.com/view/j/flin?recentIssue=true"	1967	1						"Allgemeine Linguistik"
123289	"Folia Linguistica Historica"	"de Gruyter"	"Allgemeine und vergleichende Sprach- und Literaturwissenschaft. Indogermanistik. Außereuropäische Sprachen und Literaturen"	"1614-7316"	"0168-647X"	"2466560-5"	"http://ezb.uni-regensburg.de/detail.phtml?bibid=NALFK&jour_id=123289"	"http://www.degruyter.com/view/j/flin?recentIssue=true"	1980	1						"Allgemeine Linguistik"
38037	"Frühmittelalterliche Studien"	"de Gruyter"	"Geschichte"	"1613-0812"	"0071-9706"	"2051469-4"	"http://ezb.uni-regensburg.de/detail.phtml?bibid=NALFK&jour_id=38037"	"http://www.degruyter.com/view/j/fmst?recentIssue=true"	1967	1						"Mittelalterliche Geschichte"
140261	"George-Jahrbuch"	"de Gruyter"	"Germanistik. Niederländische Philologie. Skandinavistik"	"1865-8881"	"1430-2519"	"2470929-3"	"http://ezb.uni-regensburg.de/detail.phtml?bibid=NALFK&jour_id=140261"	"http://www.degruyter.com/view/j/georgejb?recentIssue=true"	2009	7		2014	10			"Deutsche Literaturgeschichte"
115794	"Germanistik"	"de Gruyter"	"Germanistik. Niederländische Philologie. Skandinavistik"	"1865-9187"	"0016-8912"	"2436249-9"	"http://ezb.uni-regensburg.de/detail.phtml?bibid=NALFK&jour_id=115794"	"http://www.degruyter.com/view/j/germ?recentIssue=true"	2008	48						"Allgemeine Germanistik"
206619	"Geschichte in Köln"	"Böhlau ; De Gruyter"	"Geschichte"	"2198-0667"	"0720-3659"	"2052996-X"	"http://ezb.uni-regensburg.de/detail.phtml?bibid=NALFK&jour_id=206619"	"http://www.degruyter.com/view/j/gik?recentIssue=true"	1978	1						"Landesgeschichte Deutschland;Nordrhein-Westfalen"
45828	"GPR : Zeitschrift für das Privatrecht der Europäischen Union (Formerly: GPR : Zeitschrift für Gemeinschaftsprivatrecht)"	"De Gruyter ; Sellier"	"Rechtswissenschaft;Wirtschaftswissenschaften"	"2193-9519"	"1612-9229"	"2150977-3"	"http://ezb.uni-regensburg.de/detail.phtml?bibid=NALFK&jour_id=45828"	"http://www.degruyter.com/view/j/gpr?recentIssue=true"	2003	1	1	2016	13	6		"Wirtschaftsrecht;Privatrecht"
194588	"Historische Anthropologie"	"Böhlau ; De Gruyter"	"Ethnologie (Volks- und Völkerkunde)"	"2194-4032"	"0942-8704"	"2727075-0"	"http://ezb.uni-regensburg.de/detail.phtml?bibid=NALFK&jour_id=194588"	"http://www.degruyter.com/view/j/ha?recentIssue=true"	1993	1						"Historische Anthropologie"
11486	"Humor : International Journal of Humor Research"	"Mouton de Gruyter"	"Psychologie"	"1613-3722"	"0933-1719"	"2051294-6"	"http://ezb.uni-regensburg.de/detail.phtml?bibid=NALFK&jour_id=11486"	"http://www.degruyter.com/view/j/humr?recentIssue=true"	1988	1						"Kognitive Psychologie"
103193	"Iberoromania"	"Niemeyer ; de Gruyter"	"Romanistik"	"1865-9039"	"0019-0993"	"2421429-2"	"http://ezb.uni-regensburg.de/detail.phtml?bibid=NALFK&jour_id=103193"	"http://www.degruyter.com/view/j/iber?recentIssue=true"	1969	1						"Iberoromanistik"
250143	"ICL Journal : Vienna Journal on International Constitutional Law"	"DeGruyter"	"Rechtswissenschaft"	"1995-5855"	"2306-3734"	"2396245-8"	"http://ezb.uni-regensburg.de/detail.phtml?bibid=NALFK&jour_id=250143"	"http://www.degruyter.com/view/j/icl?recentIssue=true"	2007	1						"Vergleichende Rechtswissenschaften"
46993	"Indogermanische Forschungen (inkl. Anzeiger für indogermanische Sprach- und Altertumskunde. Beiblatt zu den indogermanischen Forschungen)"	"de Gruyter"	"Allgemeine und vergleichende Sprach- und Literaturwissenschaft. Indogermanistik. Außereuropäische Sprachen und Literaturen"	"1613-0405"	"0019-7262"	"2219780-1"	"http://ezb.uni-regensburg.de/detail.phtml?bibid=NALFK&jour_id=46993"	"http://www.degruyter.com/view/j/indo?recentIssue=true"	1892	1						"Indogermanistik"
172111	"Information - Wissenschaft und Praxis (IWP) (2012 -)"	"De Gruyter Saur"	"Informations-, Buch- und Bibliothekswesen, Schrift- und Handschriftenkunde"	"1619-4292"	"1434-4653"	"1467864-0"	"http://ezb.uni-regensburg.de/detail.phtml?bibid=NALFK&jour_id=172111"	"http://www.degruyter.com/view/j/iwp?recentIssue=true"	2012	63						"Informations- und Dokumentationswesen"
46889	"Intercultural Pragmatics"	"de Gruyter"	"Allgemeine und vergleichende Sprach- und Literaturwissenschaft. Indogermanistik. Außereuropäische Sprachen und Literaturen"	"1613-365X"	"1612-295X"	"2159617-7"	"http://ezb.uni-regensburg.de/detail.phtml?bibid=NALFK&jour_id=46889"	"http://www.degruyter.com/view/j/iprg?recentIssue=true"	2004	1						"Semiotik;Interkulturelle Kommunikation"
245821	"International Journal of Legal Discourse"	"de Gruyter"	"Rechtswissenschaft"	"2364-883X"	"2364-8821"	"2859961-5"	"http://ezb.uni-regensburg.de/detail.phtml?bibid=NALFK&jour_id=245821"	"http://www.degruyter.com/view/j/ijld?recentIssue=true"	2016	1						"Rechtslinguistik"
40708	"International Journal of Practical Theology"	"de Gruyter"	"Theologie und Religionswissenschaft"	"1612-9768"	"1430-6921"	"2135774-2"	"http://ezb.uni-regensburg.de/detail.phtml?bibid=NALFK&jour_id=40708"	"http://www.degruyter.com/view/j/ijpt?recentIssue=true"	1997	1						"Praktische Theologie"
9158	"International Journal of the Sociology of Language (IJSL)"	"Mouton de Gruyter"	"Allgemeine und vergleichende Sprach- und Literaturwissenschaft. Indogermanistik. Außereuropäische Sprachen und Literaturen"	"1613-3668"	"0165-2516"	"2033172-1"	"http://ezb.uni-regensburg.de/detail.phtml?bibid=NALFK&jour_id=9158"	"http://www.degruyter.com/view/j/ijsl?recentIssue=true"	1974							"Soziolinguistik"
176386	"International Yearbook for Tillich Research = Internationales Jahrbuch für die Tillich-Forschung"	"de Gruyter"	"Theologie und Religionswissenschaft"	"2190-7455"	"1990-4231"	"2647584-4"	"http://ezb.uni-regensburg.de/detail.phtml?bibid=NALFK&jour_id=176386"	"http://www.degruyter.com/view/j/tillich?recentIssue=true"	2011	6						"Tillich-Studien"
101316	"Internationales Archiv für Sozialgeschichte der deutschen Literatur (IASL)"	"Niemeyer ; de Gruyter"	"Germanistik. Niederländische Philologie. Skandinavistik"	"1865-9128"	"0340-4528"	"2407589-9"	"http://ezb.uni-regensburg.de/detail.phtml?bibid=NALFK&jour_id=101316"	"http://www.degruyter.com/view/j/iasl?recentIssue=true"	1976	1						"Deutsche Literaturgeschichte"
105475	"Internationales Handelsrecht : IHR = International Commercial Law"	"Sellier; de Gruyter"	"Rechtswissenschaft;Wirtschaftswissenschaften"	"2193-9527"	"1617-5395"	"2175390-8"	"http://ezb.uni-regensburg.de/detail.phtml?bibid=NALFK&jour_id=105475"	"http://www.degruyter.com/view/j/ihr?recentIssue=true"	2000			2016	16			"Wirtschaftsrecht;Handelsrecht"
9156	"IRAL : International Review of Applied Linguistics in Language Teaching"	"Mouton de Gruyter"	"Allgemeine und vergleichende Sprach- und Literaturwissenschaft. Indogermanistik. Außereuropäische Sprachen und Literaturen"	"1613-4141"	"0019-042X"	"2033176-9"	"http://ezb.uni-regensburg.de/detail.phtml?bibid=NALFK&jour_id=9156"	"http://www.degruyter.com/view/j/iral?recentIssue=true"	1963	1						"Fachdidaktik: Sprachunterricht"
41102	"Islam, Der"	"de Gruyter"	"Ethnologie (Volks- und Völkerkunde);Theologie und Religionswissenschaft"	"1613-0928"	"0021-1818"	"2142992-3"	"http://ezb.uni-regensburg.de/detail.phtml?bibid=NALFK&jour_id=41102"	"http://www.degruyter.com/view/j/islm?recentIssue=true"	1910	1						"Islam;Orientalistik;Vorderer Orient"
151150	"Jahrbuch der Juristischen Zeitgeschichte"	"de Gruyter"	"Geschichte;Rechtswissenschaft"	"1869-6902"	"1869-6899"	"2592822-3"	"http://ezb.uni-regensburg.de/detail.phtml?bibid=NALFK&jour_id=151150"	"http://www.degruyter.com/view/j/jjzg-b?recentIssue=true"	2010	11						"Allgemeine Rechtswissenschaften;Rechtsgeschichte;Zeitgeschichte"
109621	"Jahrbuch der Raabe-Gesellschaft"	"Niemeyer ; de Gruyter"	"Germanistik. Niederländische Philologie. Skandinavistik"	"1865-8857"	"0075-2371"	"2542303-4"	"http://ezb.uni-regensburg.de/detail.phtml?bibid=NALFK&jour_id=109621"	"http://www.degruyter.com/view/j/jdrg?recentIssue=true"	1960	1						"Deutsche Literaturgeschichte"
210761	"Jahrbuch des Kölnischen Geschichtsvereins "	"Böhlau ; De Gruyter"	"Geschichte"	""	"0341-9320"	"2754334-1"	"http://ezb.uni-regensburg.de/detail.phtml?bibid=NALFK&jour_id=210761"	"http://www.degruyter.com/view/j/jbkgv?recentIssue=true"	1912	1						"Landesgeschichte Deutschland;Nordrhein-Westfalen"
151152	"Jahrbuch für die Geschichte Mittel- und Ostdeutschlands"	"de Gruyter"	"Geschichte"	"2191-9909"	"0075-2614"	"2592400-X"	"http://ezb.uni-regensburg.de/detail.phtml?bibid=NALFK&jour_id=151152"	"http://www.degruyter.com/view/j/jgmo?recentIssue=true"	2009	55						"Landesgeschichte Deutschland"
151153	"Jahrbuch für germanistische Sprachgeschichte"	"de Gruyter"	"Germanistik. Niederländische Philologie. Skandinavistik"	"1869-7046"	"1869-7038"	"2592838-7"	"http://ezb.uni-regensburg.de/detail.phtml?bibid=NALFK&jour_id=151153"	"http://www.degruyter.com/view/j/jbgsg?recentIssue=true"	2010	1						"Allgemeine Germanistik"
60662	"Jahrbuch für Wissenschaft und Ethik"	"de Gruyter"	"Philosophie;Wissenschaftskunde, Forschung, Hochschul-, Museumswesen"	"1613-1142"	"1430-9017"	"2209007-1"	"http://ezb.uni-regensburg.de/detail.phtml?bibid=NALFK&jour_id=60662"	"http://www.degruyter.com/view/j/jfwe?recentIssue=true"	1996	1						"Wissenschaftstheorie"
166653	"Journal der juristischen Zeitgeschichte "	"de Gruyter"	"Geschichte;Rechtswissenschaft"	"1868-8810"	"1863-9984"	"2593345-0"	"http://ezb.uni-regensburg.de/detail.phtml?bibid=NALFK&jour_id=166653"	"http://www.degruyter.com/view/j/jjzg?recentIssue=true"	2010	4						"Zeitgeschichte;Rechtsgeschichte"
15141	"Journal of African Languages and Linguistics"	"Mouton de Gruyter"	"Allgemeine und vergleichende Sprach- und Literaturwissenschaft. Indogermanistik. Außereuropäische Sprachen und Literaturen;Ethnologie (Volks- und Völkerkunde)"	"1613-3811"	"0167-6164"	"2056477-6"	"http://ezb.uni-regensburg.de/detail.phtml?bibid=NALFK&jour_id=15141"	"http://www.degruyter.com/view/j/jall?recentIssue=true"	1979	1						"Afrikanistik"
198741	"Journal of Ancient History"	"de Gruyter"	"Geschichte"	"2324-8114"	"2324-8106"	"2722400-4"	"http://ezb.uni-regensburg.de/detail.phtml?bibid=NALFK&jour_id=198741"	"http://www.degruyter.com/view/j/jah?recentIssue=true"	2013	1						"Alte Geschichte"
213321	"Journal of Ancient Near Eastern History"	"de Gruyter"	"Archäologie"	"2328-9562"	"2328-9554"	"2759401-4"	"http://ezb.uni-regensburg.de/detail.phtml?bibid=NALFK&jour_id=213321"	"http://www.degruyter.com/view/j/janeh?recentIssue=true"	2014	1						"Alter Orient"
198058	"Journal of Contemporary Drama in English "	"de Gruyter"	"Anglistik. Amerikanistik"	"2195-0164"	"2195-0156"	"2717480-3"	"http://ezb.uni-regensburg.de/detail.phtml?bibid=NALFK&jour_id=198058"	"http://www.degruyter.com/view/j/jcde?recentIssue=true"	2013	1						"Theaterwissenschaften"
172112	"Journal of English as a Lingua Franca"	"de Gruyter"	"Allgemeine und vergleichende Sprach- und Literaturwissenschaft. Indogermanistik. Außereuropäische Sprachen und Literaturen;Anglistik. Amerikanistik"	"2191-933X"	"2191-9216"	"2645936-X"	"http://ezb.uni-regensburg.de/detail.phtml?bibid=NALFK&jour_id=172112"	"http://www.degruyter.com/view/j/jelf?recentIssue=true"	2012	1						"Sprachpolitik;Soziolinguistik;Allgemeine Anglistik"
134269	"Journal of European Tort Law (JETL)"	"de Gruyter"	"Rechtswissenschaft"	"1868-9620"	"1868-9612"	"2549736-4"	"http://ezb.uni-regensburg.de/detail.phtml?bibid=NALFK&jour_id=134269"	"http://www.degruyter.com/view/j/jetl?recentIssue=true"	2010	1						"Europäisches Recht;Zivilrecht"
203173	"Journal of Latin Linguistics (Formerly: Papers on Grammar)"	"de Gruyter"	"Allgemeine und vergleichende Sprach- und Literaturwissenschaft. Indogermanistik. Außereuropäische Sprachen und Literaturen"	"2194-8747"	"2194-8739"	"2741980-0"	"http://ezb.uni-regensburg.de/detail.phtml?bibid=NALFK&jour_id=203173"	"http://www.degruyter.com/view/j/joll?recentIssue=true"	1980	1						"Sprachwissenschaft;Kommunikationswissenschaft;Indo-Europäische Sprachen"
10100	"Journal of Literary Semantics (JLS)"	"Mouton de Gruyter"	"Allgemeine und vergleichende Sprach- und Literaturwissenschaft. Indogermanistik. Außereuropäische Sprachen und Literaturen"	"1613-3838"	"0341-7638"	"2045066-7"	"http://ezb.uni-regensburg.de/detail.phtml?bibid=NALFK&jour_id=10100"	"http://www.degruyter.com/view/j/jlse?recentIssue=true"	1972	1						"Allgemeine Literaturwissenschaft;Semiotik"
98026	"Journal of Literary Theory"	"de Gruyter"	"Allgemeine und vergleichende Sprach- und Literaturwissenschaft. Indogermanistik. Außereuropäische Sprachen und Literaturen"	"1862-8990"	"1862-5290"	"2400367-0"	"http://ezb.uni-regensburg.de/detail.phtml?bibid=NALFK&jour_id=98026"	"http://www.degruyter.com/view/j/jlt?recentIssue=true"	2007	1						"Literaturtheorie"
52953	"Journal of Politeness Research: Language, Behaviour, Culture"	"de Gruyter"	"Allgemeine und vergleichende Sprach- und Literaturwissenschaft. Indogermanistik. Außereuropäische Sprachen und Literaturen"	"1613-4877"	"1612-5681"	"2178341-X"	"http://ezb.uni-regensburg.de/detail.phtml?bibid=NALFK&jour_id=52953"	"http://www.degruyter.com/view/j/jplr?recentIssue=true"	2005	1						"Interkulturelle Kommunikation"
215412	"Journal of South Asian Languages and Linguistics "	"de Gruyter"	"Allgemeine und vergleichende Sprach- und Literaturwissenschaft. Indogermanistik. Außereuropäische Sprachen und Literaturen"	"2196-078X"	"2196-0771"	"2764776-6"	"http://ezb.uni-regensburg.de/detail.phtml?bibid=NALFK&jour_id=215412"	"http://www.degruyter.com/view/j/jsall?recentIssue=true"	2014	1						"Indologie"
215414	"Journal of the Bible and its Reception "	"de Gruyter"	"Theologie und Religionswissenschaft"	"2329-4434"	"2329-440X"	"2764784-5"	"http://ezb.uni-regensburg.de/detail.phtml?bibid=NALFK&jour_id=215414"	"http://www.degruyter.com/view/j/jbr?recentIssue=true"	2014	1						"Bibelwissenschaften"
215413	"Journal of Transcultural Medieval Studies "	"de Gruyter"	"Geschichte"	"2198-0365"	"2198-0357"	"2764782-1"	"http://ezb.uni-regensburg.de/detail.phtml?bibid=NALFK&jour_id=215413"	"http://www.degruyter.com/view/j/jtms?recentIssue=true"	2014	1						"Mittelalterliche Geschichte"
4197	"Jura: Juristische Ausbildung"	"de Gruyter"	"Rechtswissenschaft"	"1612-7021"	"0170-1452"	"2549890-3"	"http://ezb.uni-regensburg.de/detail.phtml?bibid=NALFK&jour_id=4197"	"http://www.degruyter.com/view/j/jura?recentIssue=true"	2009	31						"Juristenausbildung"
39601	"Juristische Rundschau"	"de Gruyter"	"Rechtswissenschaft"	"1612-7064"	"0022-6920"	"2134492-9"	"http://ezb.uni-regensburg.de/detail.phtml?bibid=NALFK&jour_id=39601"	"http://www.degruyter.com/view/j/juru?recentIssue=true"	1925							"Allgemeine Rechtswissenschaft"
67129	"Kadmos"	"de Gruyter"	"Archäologie"	"1613-0723"	"0022-7498"	"2239664-0"	"http://ezb.uni-regensburg.de/detail.phtml?bibid=NALFK&jour_id=67129"	"http://www.degruyter.com/view/j/kadm?recentIssue=true"	1962	1						"Epigraphik"
120287	"Kant Yearbook"	"de Gruyter"	"Philosophie"	"1868-4602"	"1868-4599"	"2496751-8"	"http://ezb.uni-regensburg.de/detail.phtml?bibid=NALFK&jour_id=120287"	"http://www.degruyter.com/view/j/kantyb?recentIssue=true"	2009	1						"Kant-Studien"
10077	"Kant-Studien "	"de Gruyter"	"Philosophie"	"1613-1134"	"0022-8877"	"2049354-X"	"http://ezb.uni-regensburg.de/detail.phtml?bibid=NALFK&jour_id=10077"	"http://www.degruyter.com/view/j/kant?recentIssue=true"	1897	1						"Kant-Studien"
38038	"Kierkegaard Studies Yearbook (KSYB)"	"de Gruyter"	"Philosophie;Theologie und Religionswissenschaft"	"1612-9792"	"1430-5372"	"2118444-6"	"http://ezb.uni-regensburg.de/detail.phtml?bibid=NALFK&jour_id=38038"	"http://www.degruyter.com/view/j/kier?recentIssue=true"	1996	1996						"Religionsphilosophie"
106526	"Kritikon Litterarum"	"de Gruyter"	"Allgemeine und vergleichende Sprach- und Literaturwissenschaft. Indogermanistik. Außereuropäische Sprachen und Literaturen"	"1865-7249"	"0340-9767"	"2428908-5"	"http://ezb.uni-regensburg.de/detail.phtml?bibid=NALFK&jour_id=106526"	"http://www.degruyter.com/view/j/kl?recentIssue=true"	2007	34						"Literaturkritik"
136376	"Laboratory Phonology (-2015)"	"Mouton de Gruyter"	"Allgemeine und vergleichende Sprach- und Literaturwissenschaft. Indogermanistik. Außereuropäische Sprachen und Literaturen"	"1868-6354"	"1868-6346"	"2559632-9"	"http://ezb.uni-regensburg.de/detail.phtml?bibid=NALFK&jour_id=136376"	"http://www.degruyter.com/view/j/labphon?recentIssue=true"	2010	1		2015	6			"Phonologie"
172113	"Language Learning in Higher Education"	"de Gruyter"	"Allgemeine und vergleichende Sprach- und Literaturwissenschaft. Indogermanistik. Außereuropäische Sprachen und Literaturen"	"2191-6128"	"2191-611X"	"2645939-5"	"http://ezb.uni-regensburg.de/detail.phtml?bibid=NALFK&jour_id=172113"	"http://www.degruyter.com/view/j/cercles?recentIssue=true"	2011	1						" Fachdidaktik: Sprachunterricht ; Psycholinguistik"
118820	"Lebende Sprachen"	"Niemeyer ; de Gruyter"	"Allgemeine und vergleichende Sprach- und Literaturwissenschaft. Indogermanistik. Außereuropäische Sprachen und Literaturen"	"1868-0267"	"0023-9909"	"2490732-7"	"http://ezb.uni-regensburg.de/detail.phtml?bibid=NALFK&jour_id=118820"	"http://www.degruyter.com/view/j/les?recentIssue=true"	1956	1						"Neuphilologie"
109622	"Lexicographica"	"Niemeyer ; de Gruyter"	"Allgemeine und vergleichende Sprach- und Literaturwissenschaft. Indogermanistik. Außereuropäische Sprachen und Literaturen"	"1865-9403"	"0175-6206"	"2445654-8"	"http://ezb.uni-regensburg.de/detail.phtml?bibid=NALFK&jour_id=109622"	"http://www.degruyter.com/view/j/lexi?recentIssue=true"	1985	1						"Lexikographie"
65557	"LIBRI: International Journal of Libraries and Information Services"	"Saur ; de Gruyter"	"Informations-, Buch- und Bibliothekswesen, Schrift- und Handschriftenkunde"	"1865-8423"	"0024-2667"	"2066691-3"	"http://ezb.uni-regensburg.de/detail.phtml?bibid=NALFK&jour_id=65557"	"http://www.degruyter.com/view/j/libr?recentIssue=true"	1950	1						"Allgemeines Bibliothekswesen"
9157	"Linguistic Review, The"	"Mouton de Gruyter"	"Allgemeine und vergleichende Sprach- und Literaturwissenschaft. Indogermanistik. Außereuropäische Sprachen und Literaturen"	"1613-3676"	"0167-6318"	"2033179-4"	"http://ezb.uni-regensburg.de/detail.phtml?bibid=NALFK&jour_id=9157"	"http://www.degruyter.com/view/j/tlir?recentIssue=true"	1981	1						"Allgemeine Linguistik"
12518	"Linguistic Typology"	"Mouton de Gruyter"	"Allgemeine und vergleichende Sprach- und Literaturwissenschaft. Indogermanistik. Außereuropäische Sprachen und Literaturen"	"1613-415X"	"1430-0532"	"2052194-7"	"http://ezb.uni-regensburg.de/detail.phtml?bibid=NALFK&jour_id=12518"	"http://www.degruyter.com/view/j/lity?recentIssue=true"	1997	1						"Kontrastive Linguistik"
4151	"Linguistics"	"Mouton de Gruyter"	"Allgemeine und vergleichende Sprach- und Literaturwissenschaft. Indogermanistik. Außereuropäische Sprachen und Literaturen"	"1613-396X"	"0024-3949"	"1469023-8"	"http://ezb.uni-regensburg.de/detail.phtml?bibid=NALFK&jour_id=4151"	"http://www.degruyter.com/view/j/ling?recentIssue=true"	1963	1						"Allgemeine Linguistik"
172114	"Lodz Papers in Pragmatics"	"de Gruyter"	"Allgemeine und vergleichende Sprach- und Literaturwissenschaft. Indogermanistik. Außereuropäische Sprachen und Literaturen"	"1898-4436"	"1895-6106"	"2406081-1"	"http://ezb.uni-regensburg.de/detail.phtml?bibid=NALFK&jour_id=172114"	"http://www.degruyter.com/view/j/lpp?recentIssue=true"	2007	3						"Pragmatik"
205578	"Maske und Kothurn "	"Böhlau ; De Gruyter"	"Medien- und Kommunikationswissenschaften, Publizistik"	"2305-0667"	"0025-4614"	"2750872-9"	"http://ezb.uni-regensburg.de/detail.phtml?bibid=NALFK&jour_id=205578"	"http://www.degruyter.com/view/j/muk?recentIssue=true"	1955	1						"Theaterwissenschaft"
106530	"Microform and Digitization Review"	"Saur ; de Gruyter"	"Informations-, Buch- und Bibliothekswesen, Schrift- und Handschriftenkunde"	"1865-8458"	"0002-6530"	"2605470-X"	"http://ezb.uni-regensburg.de/detail.phtml?bibid=NALFK&jour_id=106530"	"http://www.degruyter.com/view/j/mfir?recentIssue=true"	1972	1	1	2012	41	4		"Archivwesen"
52625	"Millennium : Jahrbuch zu Kultur und Geschichte des ersten Jahrtausends n. Chr. = Yearbook on the Culture and History of the First Millennium C.E."	"de Gruyter"	"Geschichte;Klassische Philologie. Byzantinistik. Mittellateinische und neugriechische Philologie. Neulatein"	"1867-0318"	"1867-030X"	"2176086-X"	"http://ezb.uni-regensburg.de/detail.phtml?bibid=NALFK&jour_id=52625"	"http://www.degruyter.com/view/j/mjb?recentIssue=true"	2004	1						"Alte Geschichte;Byzantinistik"
214532	"Mitteilungen des Instituts für Österreichische Geschichtsforschung (MIÖG)"	"Böhlau ; De Gruyter"	"Geschichte"	"2307-2903"	"0073-8484"	"2762189-3"	"http://ezb.uni-regensburg.de/detail.phtml?bibid=NALFK&jour_id=214532"	"http://www.degruyter.com/view/j/miog?recentIssue=true"	1880	1						"Landesgeschichte Österreich"
215416	"Moral Philosophy and Politics "	"de Gruyter"	"Philosophie;Politologie"	"2194-5624"	"2194-5616"	"2764798-5"	"http://ezb.uni-regensburg.de/detail.phtml?bibid=NALFK&jour_id=215416"	"http://www.degruyter.com/view/j/mopp?recentIssue=true"	2014							"Moralphilosophie;Politische Philosophie"
15088	"Multilingua : Journal of Cross-Cultural and Interlanguage Communication"	"Mouton de Gruyter"	"Allgemeine und vergleichende Sprach- und Literaturwissenschaft. Indogermanistik. Außereuropäische Sprachen und Literaturen"	"1613-3684"	"0167-8507"	"2049683-7"	"http://ezb.uni-regensburg.de/detail.phtml?bibid=NALFK&jour_id=15088"	"http://www.degruyter.com/view/j/mult?recentIssue=true"	1982	1						"Ethnolinguistik"
99904	"Naharaim : Zeitschrift für deutsch-jüdische Literatur und Kulturgeschichte"	"de Gruyter"	"Allgemeine und vergleichende Sprach- und Literaturwissenschaft. Indogermanistik. Außereuropäische Sprachen und Literaturen;Ethnologie (Volks- und Völkerkunde)"	"1862-9156"	"1862-9148"	"2405121-4"	"http://ezb.uni-regensburg.de/detail.phtml?bibid=NALFK&jour_id=99904"	"http://www.degruyter.com/view/j/naha?recentIssue=true"	2007	1						"Jüdische Literatur;Judentum"
11488	"Neue Zeitschrift für Systematische Theologie und Religionsphilosophie (NZST) "	"de Gruyter"	"Theologie und Religionswissenschaft"	"1612-9520"	"0028-3517"	"2049677-1"	"http://ezb.uni-regensburg.de/detail.phtml?bibid=NALFK&jour_id=11488"	"http://www.degruyter.com/view/j/nzst?recentIssue=true"	1959	1						"Systematische Theologie;Religionsphilosophie"
15771	"Nietzsche-Studien"	"de Gruyter"	"Philosophie"	"1613-0790"	"0342-1422"	"2049671-0"	"http://ezb.uni-regensburg.de/detail.phtml?bibid=NALFK&jour_id=15771"	"http://www.degruyter.com/view/j/niet?recentIssue=true"	1973	2						"Nietzsche-Studien"
185901	"Pólemos: Rivista Semestrale di Diritto, Politica e Cultura"	"de Gruyter"	"Rechtswissenschaft"	"2036-4601"	"2035-5262"	"2674434-X"	"http://ezb.uni-regensburg.de/detail.phtml?bibid=NALFK&jour_id=185901"	"http://www.degruyter.com/view/j/pol?recentIssue=true"	2012	6						"Allgemeine Rechtswissenschaften"
172115	"Poznań Studies in Contemporary Linguistics (2007-)"	"de Gruyter"	"Allgemeine und vergleichende Sprach- und Literaturwissenschaft. Indogermanistik. Außereuropäische Sprachen und Literaturen"	"1897-7499"	"0137-2459"	"2403591-9"	"http://ezb.uni-regensburg.de/detail.phtml?bibid=NALFK&jour_id=172115"	"http://www.degruyter.com/view/j/psicl?recentIssue=true"	2007	43						"Allgemeine Linguistik"
42417	"Praehistorische Zeitschrift"	"de Gruyter"	"Archäologie"	"1613-0804"	"0079-4848"	"2050013-0"	"http://ezb.uni-regensburg.de/detail.phtml?bibid=NALFK&jour_id=42417"	"http://www.degruyter.com/view/j/prhz?recentIssue=true"	1909	1						"Vor- und Frühgeschichte"
196853	"Preservation, Digital Technology and Culture (PDT&C)"	"de Gruyter"	"Informations-, Buch- und Bibliothekswesen, Schrift- und Handschriftenkunde"	"2195-2965"	"2195-2957"	"2710258-0"	"http://ezb.uni-regensburg.de/detail.phtml?bibid=NALFK&jour_id=196853"	"http://www.degruyter.com/view/j/pdtc?recentIssue=true"	2013	42						"Archivwesen"
10242	"Probus"	"Mouton de Gruyter"	"Klassische Philologie. Byzantinistik. Mittellateinische und neugriechische Philologie. Neulatein;Romanistik"	"1613-4079"	"0921-4771"	"2045582-3"	"http://ezb.uni-regensburg.de/detail.phtml?bibid=NALFK&jour_id=10242"	"http://www.degruyter.com/view/j/prbs?recentIssue=true"	1989	1						"Allgemeine klassische Philologie;Allgemeine Romanistik"
123526	"Quellen und Forschungen aus italienischen Archiven und Bibliotheken"	"de Gruyter"	"Geschichte"	"1865-8865"	"0079-9068"	"2506592-0"	"http://ezb.uni-regensburg.de/detail.phtml?bibid=NALFK&jour_id=123526"	"http://www.degruyter.com/view/j/qfiab?recentIssue=true"	2009	88						"Landesgeschichte Italien"
105477	"ReiseRecht aktuell RRa = Journal for Tourism Law"	"Otto Schmidt ; De Gruyter"	"Rechtswissenschaft;Wirtschaftswissenschaften"	"2193-9535"	"0944-7490"	"2195348-X"	"http://ezb.uni-regensburg.de/detail.phtml?bibid=NALFK&jour_id=105477"	"http://www.degruyter.com/view/j/rra?recentIssue=true"	1993	1		2016	24			"Wirtschaftsrecht"
101171	"Restaurator: International Journal for the Preservation of Library and Archival Material"	"de Gruyter"	"Informations-, Buch- und Bibliothekswesen, Schrift- und Handschriftenkunde"	"1865-8431"	"0034-5806"	"2066965-3"	"http://ezb.uni-regensburg.de/detail.phtml?bibid=NALFK&jour_id=101171"	"http://www.degruyter.com/view/j/rest?recentIssue=true"	1970	1						"Bestandserhaltung"
109623	"Rhetorik: ein internationales Jahrbuch"	"Niemeyer ; de Gruyter"	"Allgemeine und vergleichende Sprach- und Literaturwissenschaft. Indogermanistik. Außereuropäische Sprachen und Literaturen"	"1865-9160"	"0720-5775"	"2445663-9"	"http://ezb.uni-regensburg.de/detail.phtml?bibid=NALFK&jour_id=109623"	"http://www.degruyter.com/view/j/rhet?recentIssue=true"	1980	1						"Rhetorik"
203189	"Rhizomata : A Journal for Ancient Philosophy and Science"	"de Gruyter"	"Philosophie"	"2196-5110"	"2196-5102"	"2742779-1"	"http://ezb.uni-regensburg.de/detail.phtml?bibid=NALFK&jour_id=203189"	"http://www.degruyter.com/view/j/rhiz?recentIssue=true"	2013	1						"Philosophie;Philosophiegeschichte"
115917	"Romanische Bibliographie / Romance Bibliography (2005 -)"	"Niemeyer ; de Gruyter"	"Romanistik"	"1865-9055"	"0080-388X"	"2393719-1"	"http://ezb.uni-regensburg.de/detail.phtml?bibid=NALFK&jour_id=115917"	"http://www.degruyter.com/view/j/romb?recentIssue=true"	2007	2005						"Bibliographische Zeitschrift"
39462	"Romanistisches Jahrbuch"	"de Gruyter"	"Romanistik"	"1613-0413"	"0080-3898"	"2136396-1"	"http://ezb.uni-regensburg.de/detail.phtml?bibid=NALFK&jour_id=39462"	"http://www.degruyter.com/view/j/roma?recentIssue=true"	1948	1						"Allgemeine Romanistik"
203191	"Saeculum : Jahrbuch für Universalgeschichte"	"Böhlau ; De Gruyter"	"Geschichte"	"2194-4075"	"0080-5319"	"2742586-1"	"http://ezb.uni-regensburg.de/detail.phtml?bibid=NALFK&jour_id=203191"	"http://www.degruyter.com/view/j/saeculum?recentIssue=true"	1950	1						"Geschichte"
140258	"SATS: Northern European Journal of Philosophy"	"de Gruyter"	"Philosophie"	"1869-7577"	"1600-1974"	"2405339-9"	"http://ezb.uni-regensburg.de/detail.phtml?bibid=NALFK&jour_id=140258"	"http://www.degruyter.com/view/j/sats?recentIssue=true"	2000	1						"Allgemeine Philosophie "
168711	"Scientia Poetica: Jahrbuch für Geschichte der Literatur und der Wissenschaften (Yearbook for the History of Literature, Humanities and Sciences)"	"de Gruyter"	"Germanistik. Niederländische Philologie. Skandinavistik;Wissenschaftskunde, Forschung, Hochschul-, Museumswesen"	"1868-9418"	"1431-5041"	"2628011-5"	"http://ezb.uni-regensburg.de/detail.phtml?bibid=NALFK&jour_id=168711"	"http://www.degruyter.com/view/j/scipo?recentIssue=true"	2010	14						"Deutsche Literaturgeschichte;Wissenschaftsgeschichte"
10045	"Semiotica"	"Mouton de Gruyter"	"Allgemeine und vergleichende Sprach- und Literaturwissenschaft. Indogermanistik. Außereuropäische Sprachen und Literaturen"	"1613-3692"	"0037-1998"	"2044265-8"	"http://ezb.uni-regensburg.de/detail.phtml?bibid=NALFK&jour_id=10045"	"http://www.degruyter.com/view/j/semi?recentIssue=true"	1969	1						"Semiotik"
109624	"Sociolinguistica : Internationales Jahrbuch für Europäische Soziolinguistik"	"Niemeyer ; de Gruyter"	"Allgemeine und vergleichende Sprach- und Literaturwissenschaft. Indogermanistik. Außereuropäische Sprachen und Literaturen"	"1865-939X"	"0933-1883"	"2455198-3"	"http://ezb.uni-regensburg.de/detail.phtml?bibid=NALFK&jour_id=109624"	"http://www.degruyter.com/view/j/soci?recentIssue=true"	1987	1						"Soziolinguistik"
198787	"Strategie und Sicherheit"	"Böhlau ; De Gruyter"	"Politologie"	"2304-4845"	"2227-7668"	"2722413-2"	"http://ezb.uni-regensburg.de/detail.phtml?bibid=NALFK&jour_id=198787"	"http://www.degruyter.com/view/j/sus?recentIssue=true"	2010			2016				"Politikwissenschaft"
249144	"Südost-Forschungen (2014-)"	"de Gruyter"	"Geschichte"	"2364-9321"	"0081-9077"	"2603505-4"	"http://ezb.uni-regensburg.de/detail.phtml?bibid=NALFK&jour_id=249144"	"http://www.degruyter.com/view/j/sofo"	2014	73						"Regionalgeschichte Osteuropa"
246751	"Südosteuropa : Zeitschrift für Politik und Gesellschaft (2016-)"	"De Gruyter Oldenbourg"	"Politologie"	"2364-933X"	"0722-480X"	"2520127-X"	"http://ezb.uni-regensburg.de/detail.phtml?bibid=NALFK&jour_id=246751"	"http://www.degruyter.com/view/j/soeu?recentIssue=true"	2016	64						"Länderbericht Osteuropa"
11544	"Text and Talk - An Interdisciplinary Journal of Language, Discourse and Communication Studies"	"Mouton de Gruyter"	"Allgemeine und vergleichende Sprach- und Literaturwissenschaft. Indogermanistik. Außereuropäische Sprachen und Literaturen"	"1613-4117"	"0165-4888"	"2222555-9"	"http://ezb.uni-regensburg.de/detail.phtml?bibid=NALFK&jour_id=11544"	"http://www.degruyter.com/view/j/text?recentIssue=true"	1981	1						"Rhetorik"
40709	"Theoretical Linguistics"	"de Gruyter"	"Allgemeine und vergleichende Sprach- und Literaturwissenschaft. Indogermanistik. Außereuropäische Sprachen und Literaturen"	"1613-4060"	"0301-4428"	"2138360-1"	"http://ezb.uni-regensburg.de/detail.phtml?bibid=NALFK&jour_id=40709"	"http://www.degruyter.com/view/j/thli?recentIssue=true"	1974	1						"Allgemeine Linguistik"
123166	"Trends in Classics"	"de Gruyter"	"Klassische Philologie. Byzantinistik. Mittellateinische und neugriechische Philologie. Neulatein"	"1866-7481"	"1866-7473"	"2502684-7"	"http://ezb.uni-regensburg.de/detail.phtml?bibid=NALFK&jour_id=123166"	"http://www.degruyter.com/view/j/tcs?recentIssue=true"	2009	1						"Klassische Philologie"
206782	"Wiener Jahrbuch für Kunstgeschichte"	"Böhlau ; De Gruyter"	"Kunstgeschichte"	"2307-2962"	"0083-9981"	"2707044-X"	"http://ezb.uni-regensburg.de/detail.phtml?bibid=NALFK&jour_id=206782"	"http://www.degruyter.com/view/j/wjk?recentIssue=true"	1923	2						"Kunstgeschichte Österreich"
140259	"Wittgenstein-Studien"	"de Gruyter"	"Philosophie"	"1868-7458"	"1868-7431"	"2573233-X"	"http://ezb.uni-regensburg.de/detail.phtml?bibid=NALFK&jour_id=140259"	"http://www.degruyter.com/view/j/wgst?recentIssue=true"	2010	1						"Philosophie der Neuzeit"
225293	"Yearbook for European Jewish Literature Studies"	"de Gruyter"	"Allgemeine und vergleichende Sprach- und Literaturwissenschaft. Indogermanistik. Außereuropäische Sprachen und Literaturen"	""	"2196-6257"	"2802800-4"	"http://ezb.uni-regensburg.de/detail.phtml?bibid=NALFK&jour_id=225293"	"http://www.degruyter.com/view/j/yejls?recentIssue=true"	2014	1						"Jüdische Literatur"
151155	"Yearbook of Phraseology"	"Mouton de Gruyter"	"Allgemeine und vergleichende Sprach- und Literaturwissenschaft. Indogermanistik. Außereuropäische Sprachen und Literaturen"	"1868-6338"	"1868-632X"	"2592846-6"	"http://ezb.uni-regensburg.de/detail.phtml?bibid=NALFK&jour_id=151155"	"http://www.degruyter.com/view/j/yop?recentIssue=true"	2010							"Semiotik"
172118	"Yearbook of the German Cognitive Linguistics Association"	"de Gruyter"	"Allgemeine und vergleichende Sprach- und Literaturwissenschaft. Indogermanistik. Außereuropäische Sprachen und Literaturen"	"2197-2796"	""	"2645972-3"	"http://ezb.uni-regensburg.de/detail.phtml?bibid=NALFK&jour_id=172118"	"http://www.degruyter.com/view/j/gcla?recentIssue=true"	2013	1						"Allgemeine Linguistik"
198780	"Zeitschrift der Savigny-Stiftung für Rechtsgeschichte. Germanistische Abteilung (Formerly: Zeitschrift für Rechtsgeschichte)"	"Böhlau ; De Gruyter"	"Rechtswissenschaft"	"2304-4861"	"0323-4045"	"2727342-8"	"http://ezb.uni-regensburg.de/detail.phtml?bibid=NALFK&jour_id=198780"	"http://www.degruyter.com/view/j/zrgga?recentIssue=true"	1861	1						"Rechtsgeschichte"
198781	"Zeitschrift der Savigny-Stiftung für Rechtsgeschichte. Kanonistische Abteilung "	"Böhlau ; De Gruyter"	"Rechtswissenschaft"	"2304-4896"	"0323-4142"	"2727343-X"	"http://ezb.uni-regensburg.de/detail.phtml?bibid=NALFK&jour_id=198781"	"http://www.degruyter.com/view/j/zrgka?recentIssue=true"	1911	1						"Rechtsgeschichte"
198782	"Zeitschrift der Savigny-Stiftung für Rechtsgeschichte. Romanistische Abteilung "	"Böhlau ; De Gruyter"	"Rechtswissenschaft"	"2304-4934"	"0323-4096"	"2727348-9"	"http://ezb.uni-regensburg.de/detail.phtml?bibid=NALFK&jour_id=198782"	"http://www.degruyter.com/view/j/zrgra?recentIssue=true"	1880	1						"Rechtsgeschichte"
145655	"Zeitschrift für Angewandte Linguistik (ZfAL)"	"Mouton de Gruyter"	"Allgemeine und vergleichende Sprach- und Literaturwissenschaft. Indogermanistik. Außereuropäische Sprachen und Literaturen"	"2190-0191"	"1433-9889"	"2445275-0"	"http://ezb.uni-regensburg.de/detail.phtml?bibid=NALFK&jour_id=145655"	"http://www.degruyter.com/view/j/zfal?recentIssue=true"	2010							"Allgemeine Linguistik"
215225	"Zeitschrift für Anglistik und Amerikanistik (ZAA)"	"de Gruyter"	"Anglistik. Amerikanistik"	"2196-4726"	"0044-2305"	"2075348-2"	"http://ezb.uni-regensburg.de/detail.phtml?bibid=NALFK&jour_id=215225"	"http://www.degruyter.com/view/j/zaa?recentIssue=true"	2004	52						"Allgemeine Anglistik;Amerikanistik"
12664	"Zeitschrift für Antikes Christentum (ZAC)"	"de Gruyter"	"Geschichte;Theologie und Religionswissenschaft"	"1612-961X"	"0949-9571"	"2049668-0"	"http://ezb.uni-regensburg.de/detail.phtml?bibid=NALFK&jour_id=12664"	"http://www.degruyter.com/view/j/zach?recentIssue=true"	1997	1						"Christentum;Religionsgeschichte"
46992	"Zeitschrift für Assyriologie und Vorderasiatische Archäologie (Formerly: Zeitschrift für Assyriologie und verwandte Gebiete)"	"de Gruyter"	"Archäologie"	"1613-1150"	"0084-5299"	"2050020-8"	"http://ezb.uni-regensburg.de/detail.phtml?bibid=NALFK&jour_id=46992"	"http://www.degruyter.com/view/j/zava?recentIssue=true"	1886	1						"Vorderer Orient;Orientalistik"
103143	"Zeitschrift für celtische Philologie (ZcP)"	"Niemeyer ; de Gruyter"	"Anglistik. Amerikanistik"	"1865-889X"	"0084-5302"	"2416195-0"	"http://ezb.uni-regensburg.de/detail.phtml?bibid=NALFK&jour_id=103143"	"http://www.degruyter.com/view/j/zcph?recentIssue=true"	1897	1						"Keltologie"
10573	"Zeitschrift für die Alttestamentliche Wissenschaft (ZATW)"	"de Gruyter"	"Theologie und Religionswissenschaft"	"1613-0103"	"0044-2526"	"2049660-6"	"http://ezb.uni-regensburg.de/detail.phtml?bibid=NALFK&jour_id=10573"	"http://www.degruyter.com/view/j/zatw?recentIssue=true"	1881	1						"Alttestamentliche Theologie"
40711	"Zeitschrift für die Gesamte Strafrechtswissenschaft (ZStW)"	"de Gruyter"	"Rechtswissenschaft"	"1612-703X"	"0084-5310"	"2138296-7"	"http://ezb.uni-regensburg.de/detail.phtml?bibid=NALFK&jour_id=40711"	"http://www.degruyter.com/view/j/zstw?recentIssue=true"	1881	1						"Strafrecht"
11489	"Zeitschrift für die Neutestamentliche Wissenschaft (ZNW) (formerly: Zeitschrift für die neutestamentliche Wissenschaft und die Kunde des Urchristentums; Zeitschrift für die neutestamentliche Wissenschaft und die Kunde der älteren Kirche) "	"de Gruyter"	"Theologie und Religionswissenschaft"	"1613-009X"	"0044-2615"	"2049651-5"	"http://ezb.uni-regensburg.de/detail.phtml?bibid=NALFK&jour_id=11489"	"http://www.degruyter.com/view/j/zntw?recentIssue=true"	1900	1						"Neutestamentliche Theologie"
10079	"Zeitschrift für Germanistische Linguistik (ZGL)"	"de Gruyter"	"Germanistik. Niederländische Philologie. Skandinavistik"	"1613-0626"	"0301-3294"	"2045557-4"	"http://ezb.uni-regensburg.de/detail.phtml?bibid=NALFK&jour_id=10079"	"http://www.degruyter.com/view/j/zfgl?recentIssue=true"	1973	1						"Germanistische Linguistik"
215551	"Zeitschrift für kritische Sozialtheorie und Philosophie "	"de Gruyter"	"Philosophie;Soziologie"	"2194-5640"	"2194-5632"	"2765773-5"	"http://ezb.uni-regensburg.de/detail.phtml?bibid=NALFK&jour_id=215551"	"http://www.degruyter.com/view/j/zksp?recentIssue=true"	2014	1						"Sozialtheorie"
228651	"Zeitschrift für Kulturmanagement "	"De Gruyter ; Transcript"	"Wirtschaftswissenschaften"	"2363-5533"	"2363-5525"	"2812081-4"	"http://ezb.uni-regensburg.de/detail.phtml?bibid=NALFK&jour_id=228651"	"http://www.degruyter.com/view/j/zkmm?recentIssue=true"	2015	1						"Kulturmanagement"
40864	"Zeitschrift für Neuere Theologiegeschichte (ZNThG) = Journal for the History of Modern Theology (JHMTh)"	"de Gruyter"	"Theologie und Religionswissenschaft"	"1612-9776"	"0943-7592"	"2050028-2"	"http://ezb.uni-regensburg.de/detail.phtml?bibid=NALFK&jour_id=40864"	"http://www.degruyter.com/view/j/znth?recentIssue=true"	1994	1						"Religionsgeschichte"
216183	"Zeitschrift für Pädagogik und Theologie "	"de Gruyter"	"Theologie und Religionswissenschaft"	"2366-7796"	"1437-7160"	"2770480-4"	"http://ezb.uni-regensburg.de/detail.phtml?bibid=NALFK&jour_id=216183"	"http://www.degruyter.com/view/j/zpt?recentIssue=true"	2005	57	2					"Religionspädagogik"
186193	"Zeitschrift für Religionswissenschaft"	"de Gruyter"	"Theologie und Religionswissenschaft"	"2194-508X"	"0943-8610"	"2051569-8"	"http://ezb.uni-regensburg.de/detail.phtml?bibid=NALFK&jour_id=186193"	"http://www.degruyter.com/view/j/zfr?recentIssue=true"	1993	1						"Allgemeine Religionswissenschaften"
103186	"Zeitschrift für Romanische Philologie (ZrP)"	"de Gruyter"	"Romanistik"	"1865-9063"	"0049-8661"	"2425215-3"	"http://ezb.uni-regensburg.de/detail.phtml?bibid=NALFK&jour_id=103186"	"http://www.degruyter.com/view/j/zrph?recentIssue=true"	1877	1						"Allgemeine Romanistik"
40481	"Zeitschrift für Unternehmens- und Gesellschaftsrecht (ZGR)"	"de Gruyter"	"Rechtswissenschaft"	"1612-7048"	"0340-2479"	"2137403-X"	"http://ezb.uni-regensburg.de/detail.phtml?bibid=NALFK&jour_id=40481"	"http://www.degruyter.com/view/j/zgre?recentIssue=true"	1972	1						"Wirtschaftsrecht"
39651	"Zeitschrift für Unternehmensgeschichte (ZUG)"	"De Gruyter (formerly C.H. Beck)"	"Geschichte;Wirtschaftswissenschaften"	"2367-2293"	"0342-2852"	"2130742-8"	"http://ezb.uni-regensburg.de/detail.phtml?bibid=NALFK&jour_id=39651"	"http://www.degruyter.com/view/j/zug?recentIssue=true"	1995	40						"Wirtschaftsgeschichte"
197968	"Zeitschrift für Wirtschaftsgeographie = German Journal of Economic Geography"	"De Gruyter, formerly: Buchenverlag"	"Geographie"	"2365-7693"	"0044-3751"	"2717039-1"	"http://ezb.uni-regensburg.de/detail.phtml?bibid=NALFK&jour_id=197968"	"http://www.degruyter.com/view/j/zfw?recentIssue=true"	1995	39						"Wirtschaftsgeographie"
