Lizenzliste: Wiley DEALFachrepositorium ZBW [EZB-FID-ECON]			 			 			 			 			 	
Datum: 31.08.2020			 			 			 			 			 	
Typ der Lizenzen: Alle angezeigten Lizenzen			 			 			 			 			 	
 			 			 			 			 			 	
EZB-Id	Titel	Verlag	Fach	E-ISSN	P-ISSN	ZDB-Nummer	FrontdoorURL	Link zur Zeitschrift	erstes Jahr	erstes volume	erstes issue	letztes Jahr	letztes volume	letztes issue	Embargo	Schlagworte
2567	Abacus	Wiley-Blackwell - SSH	Wirtschaftswissenschaften	1467-6281	0001-3072	1480492-X	http://ezb.uni-regensburg.de/detail.phtml?bibid=WIDEA&jour_id=2567	https://onlinelibrary.wiley.com/journal/14676281	1997	33					0	Rechnungswesen
4723	Accounting and Finance	Wiley-Blackwell - SSH	Wirtschaftswissenschaften	1467-629X	0810-5391	1482438-3	http://ezb.uni-regensburg.de/detail.phtml?bibid=WIDEA&jour_id=4723	https://onlinelibrary.wiley.com/journal/1467629X	1997	37					0	Rechnungswesen
124687	Accounting Perspectives 	Canadian Academic Accounting Association CAAA; Wiley-Blackwell - SSH	Wirtschaftswissenschaften	1911-3838	1499-8653;1911-382X	2511783-X	http://ezb.uni-regensburg.de/detail.phtml?bibid=WIDEA&jour_id=124687	https://onlinelibrary.wiley.com/journal/19113838	2002	1					0	Rechnungswesen
7318	Africa Research Bulletin : Economic, Financial and Technical Series	Wiley-Blackwell - SSH	Wirtschaftswissenschaften	1467-6346	0001-9852	2009211-8	http://ezb.uni-regensburg.de/detail.phtml?bibid=WIDEA&jour_id=7318	https://onlinelibrary.wiley.com/journal/14676346	1997	34					0	Wirtschaftsbericht: Afrika
9981	African Development Review	Wiley-Blackwell - SSH	Politologie;Soziologie	1467-8268	1017-6772	2008966-1	http://ezb.uni-regensburg.de/detail.phtml?bibid=WIDEA&jour_id=9981	https://onlinelibrary.wiley.com/journal/14678268	1997	9					0	Entwicklungszusammenarbeit;Länderbericht Afrika
4935	Agribusiness	Wiley-Blackwell - SSH	Land- und Forstwirtschaft. Gartenbau. Fischereiwirtschaft. Hauswirtschaft. Ernährung;Wirtschaftswissenschaften	1520-6297	0742-4477	2001211-1	http://ezb.uni-regensburg.de/detail.phtml?bibid=WIDEA&jour_id=4935	https://onlinelibrary.wiley.com/journal/15206297	1996	12					0	Agrarökonomie
52470	Agricultural Economics (2000-)	Wiley-Blackwell - SSH	Land- und Forstwirtschaft. Gartenbau. Fischereiwirtschaft. Hauswirtschaft. Ernährung;Wirtschaftswissenschaften	1574-0862	0169-5150	1499675-3	http://ezb.uni-regensburg.de/detail.phtml?bibid=WIDEA&jour_id=52470	https://onlinelibrary.wiley.com/journal/15740862	2000	22					0	Agrarökonomie
53398	American Business Law Journal	Wiley-Blackwell - SSH	Rechtswissenschaft;Wirtschaftswissenschaften	1744-1714	0002-7766	2065786-9	http://ezb.uni-regensburg.de/detail.phtml?bibid=WIDEA&jour_id=53398	https://onlinelibrary.wiley.com/journal/17441714	1997	34	3				0	 Wirtschaftsrecht
7410	American Journal of Economics and Sociology, The	Wiley-Blackwell - SSH	Soziologie;Wirtschaftswissenschaften	1536-7150	0002-9246	2011062-5	http://ezb.uni-regensburg.de/detail.phtml?bibid=WIDEA&jour_id=7410	https://onlinelibrary.wiley.com/journal/15367150	1997	56					0	Wirtschaftssoziologie
4660	Annals of Public and Cooperative Economics = Annales de l' Économie Publique, Sociale et Coopérative	Wiley-Blackwell - SSH	Wirtschaftswissenschaften	1467-8292	1370-4788	1480502-9	http://ezb.uni-regensburg.de/detail.phtml?bibid=WIDEA&jour_id=4660	https://onlinelibrary.wiley.com/journal/14678292	1997	68					0	Verwaltungswesen;Verwaltungswissenschaft
171912	Asia Pacific Journal of Human Resources	Wiley-Blackwell - SSH ; Australian Human Resources Institute ; formerly Sage Publications	Wirtschaftswissenschaften	1744-7941	0156-904X;1032-3627;1038-4111	2089267-6	http://ezb.uni-regensburg.de/detail.phtml?bibid=WIDEA&jour_id=171912	https://onlinelibrary.wiley.com/journal/17447941	1997	35					0	Unternehmensführung
7216	Asia Pacific Viewpoint 	Wiley-Blackwell - SSH	Geographie;Wirtschaftswissenschaften	1467-8373	0030-8978;1360-7456	2006516-4	http://ezb.uni-regensburg.de/detail.phtml?bibid=WIDEA&jour_id=7216	https://onlinelibrary.wiley.com/journal/14678373	1997	38					0	Wirtschaftsbericht Asien;Wirtschaftsbericht Pazifikregion;Wirtschaftsgeographie
133550	Asia-Pacific Journal of Financial Studies	Wiley-Blackwell - SSH ; Korean Securities Association	Wirtschaftswissenschaften	2041-6156	2041-9945	2548470-9	http://ezb.uni-regensburg.de/detail.phtml?bibid=WIDEA&jour_id=133550	https://onlinelibrary.wiley.com/journal/20416156	2008	37	6				0	Finanzwirtschaft Pazifikregion
7221	Asian Economic Journal: Journal of the East Asian Economic Association	Wiley-Blackwell - SSH	Wirtschaftswissenschaften	1467-8381	1351-3958	2009850-9	http://ezb.uni-regensburg.de/detail.phtml?bibid=WIDEA&jour_id=7221	https://onlinelibrary.wiley.com/journal/14678381	1997	11					0	Wirtschaftsbericht Asien
102357	Asian Economic Policy Review	Wiley-Blackwell - SSH	Wirtschaftswissenschaften	1748-3131	1832-8105	2401558-1	http://ezb.uni-regensburg.de/detail.phtml?bibid=WIDEA&jour_id=102357	https://onlinelibrary.wiley.com/journal/17483131	2006	1					0	Wirtschaftspolitik;Länderbericht Asien
4800	Asian-Pacific Economic Literature (APEL)	Wiley-Blackwell - SSH	Wirtschaftswissenschaften	1467-8411	0818-9935	1491174-7	http://ezb.uni-regensburg.de/detail.phtml?bibid=WIDEA&jour_id=4800	https://onlinelibrary.wiley.com/journal/14678411	1997	11					0	Wirtschaftsbericht Ostasien
53728	Australian Accounting Review	Wiley-Blackwell - SSH	Wirtschaftswissenschaften	1835-2561	1035-6908	2187781-6	http://ezb.uni-regensburg.de/detail.phtml?bibid=WIDEA&jour_id=53728	https://onlinelibrary.wiley.com/journal/18352561	1996	6					0	Rechnungswesen
7628	Australian Economic History Review	Wiley-Blackwell - SSH	Geschichte;Wirtschaftswissenschaften	1467-8446	0004-8992	2006506-1	http://ezb.uni-regensburg.de/detail.phtml?bibid=WIDEA&jour_id=7628	https://onlinelibrary.wiley.com/journal/14678446	1997	37					0	Wirtschaftsgeschichte
7517	Australian Economic Papers	Wiley-Blackwell - SSH	Wirtschaftswissenschaften	1467-8454	0004-900X	2006503-6	http://ezb.uni-regensburg.de/detail.phtml?bibid=WIDEA&jour_id=7517	https://onlinelibrary.wiley.com/journal/14678454	1997	36					0	Allgemeine Wirtschaftswissenschaften
9507	Australian Economic Review, The	Wiley-Blackwell - SSH ; Melbourne Institute of Applied Economic and Social Research	Wirtschaftswissenschaften	1467-8462	0004-9018	2006398-2	http://ezb.uni-regensburg.de/detail.phtml?bibid=WIDEA&jour_id=9507	https://onlinelibrary.wiley.com/journal/14678462	1997	30					0	Wirtschaftsbericht Pazifikregion
8953	Australian Journal of Agricultural and Resource Economics 	Wiley-Blackwell - SSH	Land- und Forstwirtschaft. Gartenbau. Fischereiwirtschaft. Hauswirtschaft. Ernährung	1467-8489	0004-9395;0817-8763;1364-985X	2006393-3	http://ezb.uni-regensburg.de/detail.phtml?bibid=WIDEA&jour_id=8953	https://onlinelibrary.wiley.com/journal/14678489	1997	41					0	Allgemeine Agrarwissenschaften
4082	British Journal of Industrial Relations (BJIR)	Wiley-Blackwell - SSH	Soziologie;Wirtschaftswissenschaften	1467-8543	0007-1080	1495449-7	http://ezb.uni-regensburg.de/detail.phtml?bibid=WIDEA&jour_id=4082	https://onlinelibrary.wiley.com/journal/14678543	1997	35					0	Wirtschaftssoziologie,
7792	British Journal of Management	Wiley-Blackwell - SSH	Wirtschaftswissenschaften	1467-8551	1045-3172	2025938-4	http://ezb.uni-regensburg.de/detail.phtml?bibid=WIDEA&jour_id=7792	https://onlinelibrary.wiley.com/journal/14678551	1997	8					0	Unternehmensführung
4083	Bulletin of Economic Research	Wiley-Blackwell - SSH	Wirtschaftswissenschaften	1467-8586	0307-3378	1473655-X	http://ezb.uni-regensburg.de/detail.phtml?bibid=WIDEA&jour_id=4083	https://onlinelibrary.wiley.com/journal/14678586	1997	49					0	Allgemeine Volkswirtschaftslehre
4759	Business and Society Review	Wiley-Blackwell - SSH	Soziologie;Wirtschaftswissenschaften	1467-8594	0045-3609	1483033-4	http://ezb.uni-regensburg.de/detail.phtml?bibid=WIDEA&jour_id=4759	https://onlinelibrary.wiley.com/journal/14678594	1998	99					0	Wirtschaftssoziologie
4663	Business Ethics : A European Review	Wiley-Blackwell - SSH	Philosophie;Wirtschaftswissenschaften	1467-8608	0962-8770	1480677-0	http://ezb.uni-regensburg.de/detail.phtml?bibid=WIDEA&jour_id=4663	https://onlinelibrary.wiley.com/journal/14678608	1997	6					0	Wirtschaftsethik
4252	Business Strategy and the Environment	Wiley-Blackwell - SSH	Wirtschaftswissenschaften	1099-0836	0964-4733	2025936-0	http://ezb.uni-regensburg.de/detail.phtml?bibid=WIDEA&jour_id=4252	https://onlinelibrary.wiley.com/journal/10990836	1996	5					0	Umweltmanagement
91618	Canadian Journal of Administrative Sciences / Revue Canadienne des Sciences de l'Administration	Wiley-Blackwell - SSH	Politologie	1936-4490	0825-0383	2068683-3	http://ezb.uni-regensburg.de/detail.phtml?bibid=WIDEA&jour_id=91618	https://onlinelibrary.wiley.com/journal/19364490	1997	14					0	Verwaltungswesen;Verwaltungswissenschaft
53324	Canadian Journal of Agricultural Economics / Revue Canadienne d' Agroeconomie	Wiley-Blackwell - SSH	Land- und Forstwirtschaft. Gartenbau. Fischereiwirtschaft. Hauswirtschaft. Ernährung;Wirtschaftswissenschaften	1744-7976	0008-3976	2181887-3	http://ezb.uni-regensburg.de/detail.phtml?bibid=WIDEA&jour_id=53324	https://onlinelibrary.wiley.com/journal/17447976	1997	45					0	Agrarökonomie
7220	Canadian Journal of Economics / Revue Canadienne d'Economique (2000-)	Wiley-Blackwell - SSH	Wirtschaftswissenschaften	1540-5982	0008-4085	2013251-7	http://ezb.uni-regensburg.de/detail.phtml?bibid=WIDEA&jour_id=7220	https://onlinelibrary.wiley.com/journal/15405982	2000	33					0	Allgemeine Volkswirtschaftslehre
172187	Career Development Quarterly, The 	Wiley-Blackwell - SSH; National Career Development Association	Pädagogik	2161-0045	0042-7764;0889-4019	2068810-6	http://ezb.uni-regensburg.de/detail.phtml?bibid=WIDEA&jour_id=172187	https://onlinelibrary.wiley.com/journal/21610045	1997	45	3				0	Berufsbildung
64410	China & World Economy	Wiley-Blackwell - SSH	Wirtschaftswissenschaften	1749-124X	1671-2234	2223590-5	http://ezb.uni-regensburg.de/detail.phtml?bibid=WIDEA&jour_id=64410	https://onlinelibrary.wiley.com/journal/1749124X	2006	14					0	Wirtschaftsbericht China;Internationale Wirtschaftsräume
34281	Contemporary Accounting Research	Wiley-Blackwell - SSH (formerly Canadian Academic Accounting Association CAAA)	Wirtschaftswissenschaften	1911-3846	0823-9150	2068682-1	http://ezb.uni-regensburg.de/detail.phtml?bibid=WIDEA&jour_id=34281	https://onlinelibrary.wiley.com/journal/19113846	1997	14					0	Rechnungswesen
7211	Contemporary Economic Policy	Wiley-Blackwell - SSH ; Western Economic Association International	Wirtschaftswissenschaften	1465-7287	0735-0007;1074-3529	2012949-X	http://ezb.uni-regensburg.de/detail.phtml?bibid=WIDEA&jour_id=7211	https://onlinelibrary.wiley.com/journal/14657287	1997	15					0	Wirtschaftspolitik
15790	Corporate Governance : An International Review	Wiley-Blackwell - SSH	Politologie;Wirtschaftswissenschaften	1467-8683	0964-8410	2062255-7	http://ezb.uni-regensburg.de/detail.phtml?bibid=WIDEA&jour_id=15790	https://onlinelibrary.wiley.com/journal/14678683	1997	5					0	Regierungswesen;Verwaltungswesen;Verwaltungswissenschaft
25281	Corporate Social Responsibility and Environmental Management	Wiley-Blackwell - SSH	Wirtschaftswissenschaften	1099-0925;1535-3966	0968-9427;1535-3958	2083715-X	http://ezb.uni-regensburg.de/detail.phtml?bibid=WIDEA&jour_id=25281	https://onlinelibrary.wiley.com/journal/15353966	1997	4					0	Umweltmanagement
8827	Creativity and Innovation Management	Wiley-Blackwell - SSH	Wirtschaftswissenschaften	1467-8691	0963-1690	2027722-2	http://ezb.uni-regensburg.de/detail.phtml?bibid=WIDEA&jour_id=8827	https://onlinelibrary.wiley.com/journal/14678691	1997	6					0	Unternehmensführung
31556	Decision Sciences	Wiley-Blackwell - SSH	Wirtschaftswissenschaften	1540-5915	0011-7315	2066218-X	http://ezb.uni-regensburg.de/detail.phtml?bibid=WIDEA&jour_id=31556	https://onlinelibrary.wiley.com/journal/15405915	1997	28					0	Organisationsmanagement
65166	Developing Economies, The	Wiley-Blackwell - SSH ; Institute of Developing Economies	Wirtschaftswissenschaften	1746-1049	0012-1533	2157964-7	http://ezb.uni-regensburg.de/detail.phtml?bibid=WIDEA&jour_id=65166	https://onlinelibrary.wiley.com/journal/17461049	1997	35					0	Wirtschaftsbericht Ostasien;Finanzwirtschaft
4084	Development and Change	Wiley-Blackwell - SSH (bis 1992: Sage)	Politologie;Soziologie	1467-7660	0012-155X	1482666-5	http://ezb.uni-regensburg.de/detail.phtml?bibid=WIDEA&jour_id=4084	https://onlinelibrary.wiley.com/journal/14677660	1997	28					0	Entwicklungszusammenarbeit
4085	Development Policy Review	Wiley-Blackwell - SSH	Politologie	1467-7679	0950-6764	1492275-7	http://ezb.uni-regensburg.de/detail.phtml?bibid=WIDEA&jour_id=4085	https://onlinelibrary.wiley.com/journal/14677679	1997	15					0	Entwicklungszusammenarbeit
39854	Econometrica (aktuelle Jahrgänge)	Wiley-Blackwell - SSH	Wirtschaftswissenschaften	1468-0262	0012-9682	1477253-X	http://ezb.uni-regensburg.de/detail.phtml?bibid=WIDEA&jour_id=39854	https://onlinelibrary.wiley.com/journal/14680262	1999	67					0	Wirtschaftstheorie; Statistik
7726	Economic Affairs	Wiley-Blackwell - SSH	Wirtschaftswissenschaften	1468-0270	0265-0665	2016211-X	http://ezb.uni-regensburg.de/detail.phtml?bibid=WIDEA&jour_id=7726	https://onlinelibrary.wiley.com/journal/14680270	1997	17					0	Allgemeine Volkswirtschaftslehre
8164	Economic History Review, The	Wiley-Blackwell - SSH	Geschichte;Wirtschaftswissenschaften	1468-0289	0013-0117	2011676-7	http://ezb.uni-regensburg.de/detail.phtml?bibid=WIDEA&jour_id=8164	https://onlinelibrary.wiley.com/journal/14680289	1997	50					0	Wirtschaftsgeschichte
91135	Economic Inquiry	Wiley-Blackwell - SSH ; Western Economic Association International	Wirtschaftswissenschaften	1465-7295	0095-2583	2016121-9	http://ezb.uni-regensburg.de/detail.phtml?bibid=WIDEA&jour_id=91135	https://onlinelibrary.wiley.com/journal/14657295	1997	35					0	Allgemeine Wirtschaftswissenschaften
8415	Economic Notes	Wiley-Blackwell - SSH ; Banca Monte dei paschi di Siena	Wirtschaftswissenschaften	1468-0300	0391-5026	2006487-1	http://ezb.uni-regensburg.de/detail.phtml?bibid=WIDEA&jour_id=8415	https://onlinelibrary.wiley.com/journal/14680300	1999	28					0	Allgemeine Wirtschaftswissenschaften
7629	Economic Outlook 	Wiley-Blackwell - SSH	Wirtschaftswissenschaften	1468-0319	0140-489X	2862185-2	http://ezb.uni-regensburg.de/detail.phtml?bibid=WIDEA&jour_id=7629	https://onlinelibrary.wiley.com/journal/14680319	1997	21	2				0	Internationale Wirtschaftsmärkte
123552	Economic Papers	Wiley-Blackwell - SSH ; The Economic Society of Australia	Wirtschaftswissenschaften	1759-3441	0013-0354;0812-0420;0812-0439	2231929-3	http://ezb.uni-regensburg.de/detail.phtml?bibid=WIDEA&jour_id=123552	https://onlinelibrary.wiley.com/journal/17593441	1997	16					0	Allgemeine Wirtschaftswissenschaften
10044	Economic Record, The	Wiley-Blackwell - SSH ; Economic Society of Australia	Wirtschaftswissenschaften	1475-4932	0013-0249	2044260-9	http://ezb.uni-regensburg.de/detail.phtml?bibid=WIDEA&jour_id=10044	https://onlinelibrary.wiley.com/journal/14754932	1997	73					0	Allgemeine Volkswirtschaftslehre
4090	Economica (1997-)	Wiley-Blackwell - SSH	Wirtschaftswissenschaften	1468-0335	0013-0427	1473760-7	http://ezb.uni-regensburg.de/detail.phtml?bibid=WIDEA&jour_id=4090	https://onlinelibrary.wiley.com/journal/14680335	1997	64					0	Allgemeine Wirtschaftswissenschaften
4091	Economics and Politics	Wiley-Blackwell - SSH	Politologie	1468-0343	0954-1985	1480693-9	http://ezb.uni-regensburg.de/detail.phtml?bibid=WIDEA&jour_id=4091	https://onlinelibrary.wiley.com/journal/14680343	1997	9					0	Wirtschaftspolitik
4390	Economics of Transition and Institutional Change	Wiley-Blackwell - SSH	Wirtschaftswissenschaften	1468-0351;2577-6983	0967-0750;2577-6975	2968929-6	http://ezb.uni-regensburg.de/detail.phtml?bibid=WIDEA&jour_id=4390	https://onlinelibrary.wiley.com/journal/14680351	1997	5					0	Wirtschaftspolitik
1933	Environmental Policy and Governance	Wiley-Blackwell - SSH	Energie, Umweltschutz, Kerntechnik	1099-0976;1756-9338	0961-0405;1756-932X	2474651-4	http://ezb.uni-regensburg.de/detail.phtml?bibid=WIDEA&jour_id=1933	https://onlinelibrary.wiley.com/journal/17569338	1996	6					0	Umweltpolitik;Umweltschutz
64144	EuroChoices	Wiley-Blackwell - SSH	Land- und Forstwirtschaft. Gartenbau. Fischereiwirtschaft. Hauswirtschaft. Ernährung	1746-692X	1478-0917	2221925-0	http://ezb.uni-regensburg.de/detail.phtml?bibid=WIDEA&jour_id=64144	https://onlinelibrary.wiley.com/journal/1746692X	2001	1					0	Agrarökonomie
4221	European Financial Management	Wiley-Blackwell - SSH	Wirtschaftswissenschaften	1468-036X	1354-7798	1480712-9	http://ezb.uni-regensburg.de/detail.phtml?bibid=WIDEA&jour_id=4221	https://onlinelibrary.wiley.com/journal/1468036X	1997	3					0	Finanzwirtschaft
39889	European Management Review	Wiley-Blackwell - SSH ; früher Palgrave Macmillan	Wirtschaftswissenschaften	1740-4762	1740-4754	2161310-2	http://ezb.uni-regensburg.de/detail.phtml?bibid=WIDEA&jour_id=39889	https://onlinelibrary.wiley.com/journal/17404762	2004	1					0	Unternehmensführung
46789	Family and Consumer Sciences Research Journal	Wiley-Blackwell - SSH	Wirtschaftswissenschaften	1552-3934	0046-7774;1077-727X	2158121-6	http://ezb.uni-regensburg.de/detail.phtml?bibid=WIDEA&jour_id=46789	https://onlinelibrary.wiley.com/journal/15523934	1997	25	3				0	Konsumforschung
9278	Financial Accountability and Management	Wiley-Blackwell - SSH	Wirtschaftswissenschaften	1468-0408	0267-4424	2034926-9	http://ezb.uni-regensburg.de/detail.phtml?bibid=WIDEA&jour_id=9278	https://onlinelibrary.wiley.com/journal/14680408	1997	13					0	Verwaltungswesen;Finanzwirtschaft;Verwaltungswissenschaft
105192	Financial Management (aktuelle Jahrgänge)	Wiley-Blackwell - SSH	Wirtschaftswissenschaften	1755-053X	0046-3892	2254144-5	http://ezb.uni-regensburg.de/detail.phtml?bibid=WIDEA&jour_id=105192	https://onlinelibrary.wiley.com/journal/1755053X	2005	34					0	Finanzwirtschaft
9288	Financial Markets, Institutions and Instruments	Wiley-Blackwell - SSH	Wirtschaftswissenschaften	1468-0416	0963-8008	2036643-7	http://ezb.uni-regensburg.de/detail.phtml?bibid=WIDEA&jour_id=9288	https://onlinelibrary.wiley.com/journal/14680416	1997	6					0	Finanzwirtschaft
24762	Financial Review, The	Wiley-Blackwell - SSH	Wirtschaftswissenschaften	1540-6288	0732-8516	2068470-8	http://ezb.uni-regensburg.de/detail.phtml?bibid=WIDEA&jour_id=24762	https://onlinelibrary.wiley.com/journal/15406288	1997	32					0	Finanzwirtschaft
10246	Fiscal Studies	Wiley-Blackwell - SSH ; Institute for Fiscal Studies ; JSTOR	Wirtschaftswissenschaften	1475-5890	0143-5671	2044782-6	http://ezb.uni-regensburg.de/detail.phtml?bibid=WIDEA&jour_id=10246	https://onlinelibrary.wiley.com/journal/14755890	1997	18					0	Finanzwirtschaft
9238	Gender, Work & Organization	Wiley-Blackwell - SSH	Soziologie	1468-0432	0968-6673	2033786-3	http://ezb.uni-regensburg.de/detail.phtml?bibid=WIDEA&jour_id=9238	https://onlinelibrary.wiley.com/journal/14680432	1997	4					0	Genderforschung
7305	German Economic Review (GER)	De Gruyter ; Verein für Socialpolitik ; formerly Wiley-Blackwell - SSH	Wirtschaftswissenschaften	1468-0475	1465-6485	2008828-0	http://ezb.uni-regensburg.de/detail.phtml?bibid=WIDEA&jour_id=7305	https://onlinelibrary.wiley.com/journal/14680475	2000	1		2019	20		0	Wirtschaftsbericht Deutschland
87716	Global Business and Organizational Excellence 	Wiley-Blackwell - SSH	Wirtschaftswissenschaften	1520-6734;1531-6653;1932-2062	0277-8556;1531-1864;1932-2054	2322782-5	http://ezb.uni-regensburg.de/detail.phtml?bibid=WIDEA&jour_id=87716	https://onlinelibrary.wiley.com/journal/19322062	2000	20					0	Internationale Wirtschaftsräume
133630	Global Policy (gp)	Wiley-Blackwell - SSH ; London School of Economics and Political Science	Politologie	1758-5899	1758-5880	2548469-2	http://ezb.uni-regensburg.de/detail.phtml?bibid=WIDEA&jour_id=133630	https://onlinelibrary.wiley.com/journal/17585899	2010	1					0	Internationale Beziehungen
165397	Global Strategy Journal	Wiley-Blackwell - SSH ; Strategic Management Society	Wirtschaftswissenschaften	2042-5805	2042-5791	2614304-5	http://ezb.uni-regensburg.de/detail.phtml?bibid=WIDEA&jour_id=165397	https://onlinelibrary.wiley.com/journal/20425805	2011	1					0	Globalisierung
4729	Growth and Change	Wiley-Blackwell - SSH	Geographie;Wirtschaftswissenschaften	1468-2257	0017-4815	1482672-0	http://ezb.uni-regensburg.de/detail.phtml?bibid=WIDEA&jour_id=4729	https://onlinelibrary.wiley.com/journal/14682257	1997	28					0	Regionalentwicklung
4874	Health Economics	Wiley-Blackwell - SSH	Medizin;Wirtschaftswissenschaften	1099-1050	1057-9230	1483261-6	http://ezb.uni-regensburg.de/detail.phtml?bibid=WIDEA&jour_id=4874	https://onlinelibrary.wiley.com/journal/10991050	1996	5					0	Öffentliches Gesundheitswesen;Gesundheitsökonomie
10068	Human Resource Development Quarterly	Jossey-Bass, Wiley-Blackwell - SSH	Wirtschaftswissenschaften	1532-1096	1044-8004	2045544-6	http://ezb.uni-regensburg.de/detail.phtml?bibid=WIDEA&jour_id=10068	https://onlinelibrary.wiley.com/journal/15321096	2000	11					0	Unternehmensführung
1950	Human Resource Management	Wiley-Blackwell - SSH	Wirtschaftswissenschaften	1099-050X	0090-4848	2004293-0	http://ezb.uni-regensburg.de/detail.phtml?bibid=WIDEA&jour_id=1950	https://onlinelibrary.wiley.com/journal/1099050X	1996	35					0	Unternehmensführung
5687	Human Resource Management Journal	Wiley-Blackwell - SSH	Wirtschaftswissenschaften	1748-8583	0954-5395	2028076-2	http://ezb.uni-regensburg.de/detail.phtml?bibid=WIDEA&jour_id=5687	https://onlinelibrary.wiley.com/journal/17488583	1997	7					0	Personalwesen
2393	Industrial Relations : A Journal of Economy & Society	Wiley-Blackwell - SSH	Soziologie;Wirtschaftswissenschaften	1468-232X	0019-8676	1480757-9	http://ezb.uni-regensburg.de/detail.phtml?bibid=WIDEA&jour_id=2393	https://onlinelibrary.wiley.com/journal/1468232X	1997	36					0	Wirtschaftssoziologie
4105	Industrial Relations Journal	Wiley-Blackwell - SSH	Wirtschaftswissenschaften	1468-2338	0019-8692	2006461-5	http://ezb.uni-regensburg.de/detail.phtml?bibid=WIDEA&jour_id=4105	https://onlinelibrary.wiley.com/journal/14682338	1997	28					0	Industriebetriebslehre
4601	Intelligent Systems in Accounting, Finance and Management	Wiley-Blackwell - SSH	Wirtschaftswissenschaften	1099-1174;2160-0074	1055-615X;1550-1949	2379344-2	http://ezb.uni-regensburg.de/detail.phtml?bibid=WIDEA&jour_id=4601	https://onlinelibrary.wiley.com/journal/10991174	1996	5					0	Rechnungswesen
4897	International Economic Review (1999-)	Wiley-Blackwell - SSH	Wirtschaftswissenschaften	1468-2354	0020-6598	1483297-5	http://ezb.uni-regensburg.de/detail.phtml?bibid=WIDEA&jour_id=4897	https://onlinelibrary.wiley.com/journal/14682354	1999	40					0	Internationale Wirtschaftsmärkte
8664	International Finance	Wiley-Blackwell - SSH	Wirtschaftswissenschaften	1468-2362	1367-0271	2024919-6	http://ezb.uni-regensburg.de/detail.phtml?bibid=WIDEA&jour_id=8664	https://onlinelibrary.wiley.com/journal/14682362	1998	1					0	Finanzwirtschaft
39880	International Journal of Auditing	Wiley-Blackwell - SSH	Wirtschaftswissenschaften	1099-1123	1090-6738	1479395-7	http://ezb.uni-regensburg.de/detail.phtml?bibid=WIDEA&jour_id=39880	https://onlinelibrary.wiley.com/journal/10991123	1997	1					0	Rechnungswesen
10036	International Journal of Consumer Studies 	Wiley-Blackwell - SSH	Wirtschaftswissenschaften	1365-2737;1470-6431	0309-3891;1470-6423	2141394-0	http://ezb.uni-regensburg.de/detail.phtml?bibid=WIDEA&jour_id=10036	https://onlinelibrary.wiley.com/journal/14706431	1997	21					0	Konsumforschung
53406	International Journal of Economic Theory	Wiley-Blackwell - SSH	Wirtschaftswissenschaften	1742-7363	1742-7355	2182356-X	http://ezb.uni-regensburg.de/detail.phtml?bibid=WIDEA&jour_id=53406	https://onlinelibrary.wiley.com/journal/17427363	2005	1					0	Wirtschaftstheorie
4936	International Journal of Finance and Economics	Wiley-Blackwell - SSH	Wirtschaftswissenschaften	1099-1158	1076-9307	1493204-0	http://ezb.uni-regensburg.de/detail.phtml?bibid=WIDEA&jour_id=4936	https://onlinelibrary.wiley.com/journal/10991158	1996	1					0	Finanzwirtschaft
8753	International Journal of Management Reviews	Wiley-Blackwell - SSH	Wirtschaftswissenschaften	1468-2370	1460-8545	2026303-X	http://ezb.uni-regensburg.de/detail.phtml?bibid=WIDEA&jour_id=8753	https://onlinelibrary.wiley.com/journal/14682370	1999	1					0	Unternehmensführung
38199	International Journal of Nonprofit and Voluntary Sector Marketing	Wiley-Blackwell - SSH	Wirtschaftswissenschaften	1479-103X	1465-4520	2093810-X	http://ezb.uni-regensburg.de/detail.phtml?bibid=WIDEA&jour_id=38199	https://onlinelibrary.wiley.com/journal/1479103X	1996	1					0	Sozialwirtschaft
7630	International Journal of Selection and Assessment	Wiley-Blackwell - SSH	Wirtschaftswissenschaften	1468-2389	0965-075X	2027700-3	http://ezb.uni-regensburg.de/detail.phtml?bibid=WIDEA&jour_id=7630	https://onlinelibrary.wiley.com/journal/14682389	1997	5					0	Personalwesen
4730	International Journal of Social Welfare 	Wiley-Blackwell - SSH	Soziologie	1468-2397	0907-2055;1369-6866	1482674-4	http://ezb.uni-regensburg.de/detail.phtml?bibid=WIDEA&jour_id=4730	https://onlinelibrary.wiley.com/journal/14682397	1997	6					0	Sozialwesen
5070	International Journal of Tourism Research	Wiley-Blackwell - SSH	Wirtschaftswissenschaften	1522-1970	1099-2340	2001464-8	http://ezb.uni-regensburg.de/detail.phtml?bibid=WIDEA&jour_id=5070	https://onlinelibrary.wiley.com/journal/15221970	1999	1					0	Tourismuswirtschaft
7840	International Journal of Training and Development	Wiley-Blackwell - SSH	Wirtschaftswissenschaften	1468-2419	1360-3736	2019805-X	http://ezb.uni-regensburg.de/detail.phtml?bibid=WIDEA&jour_id=7840	https://onlinelibrary.wiley.com/journal/14682419	1997	1					0	Unternehmensführung
2394	International Journal of Urban and Regional Research	Wiley-Blackwell - SSH	Architektur, Bauingenieur- und Vermessungswesen;Geographie	1468-2427	0309-1317	1481045-1	http://ezb.uni-regensburg.de/detail.phtml?bibid=WIDEA&jour_id=2394	https://onlinelibrary.wiley.com/journal/14682427	1997	21					0	Regionalplanung; Städtebau;Verwaltungswissenschaft
5685	International Labour Review	Wiley-Blackwell - SSH ; International Labour Organization (ILO)	Wirtschaftswissenschaften	1564-913X	0020-7780	1498683-8	http://ezb.uni-regensburg.de/detail.phtml?bibid=WIDEA&jour_id=5685	https://onlinelibrary.wiley.com/journal/1564913X	1999	138					0	Arbeitsbeziehungen
2395	International Migration	Wiley-Blackwell - SSH	Soziologie	1468-2435	0020-7985	1482677-X	http://ezb.uni-regensburg.de/detail.phtml?bibid=WIDEA&jour_id=2395	https://onlinelibrary.wiley.com/journal/14682435	1997	35					0	Migration
9220	International Review of Finance	Wiley-Blackwell - SSH	Wirtschaftswissenschaften	1468-2443	1369-412X	2034475-2	http://ezb.uni-regensburg.de/detail.phtml?bibid=WIDEA&jour_id=9220	https://onlinelibrary.wiley.com/journal/14682443	2000	1					0	Finanzwirtschaft;Wirtschaftsbericht Ostasien
3770	International Social Science Journal	Wiley-Blackwell - SSH	Soziologie	1468-2451	0020-8701	1481118-2	http://ezb.uni-regensburg.de/detail.phtml?bibid=WIDEA&jour_id=3770	https://onlinelibrary.wiley.com/journal/14682451	1998	50					0	Allgemeine Soziologie
4620	International Social Security Review	Wiley-Blackwell - SSH	Politologie;Soziologie	1468-246X	0020-871X	1479782-3	http://ezb.uni-regensburg.de/detail.phtml?bibid=WIDEA&jour_id=4620	https://onlinelibrary.wiley.com/journal/1468246X	1997	50					0	Sozialpolitik;Sozialwesen
40411	International Statistical Review (ISR) = Revue Internationale de Statistique (1997-)	Wiley-Blackwell - STM ; International Statistical Institute (ISI)	Mathematik	1751-5823	0306-7734	2045049-7	http://ezb.uni-regensburg.de/detail.phtml?bibid=WIDEA&jour_id=40411	https://onlinelibrary.wiley.com/journal/17515823	1997	65					0	Mathematische Statistik
9614	International Transactions in Operational Research	Wiley-Blackwell - SSH ; IFORS ; formerly Elsevier	Mathematik;Wirtschaftswissenschaften	1475-3995	0969-6016	2019815-2	http://ezb.uni-regensburg.de/detail.phtml?bibid=WIDEA&jour_id=9614	https://onlinelibrary.wiley.com/journal/14753995	1995	2					0	Wirtschaftsmathematik
53776	IPPR Progressive Review	Wiley-Blackwell - SSH ; published on behalf of the Institute for Public Policy Research	Wirtschaftswissenschaften	1744-540X;2050-5876;2573-2331	1070-3535;1744-5396;2050-5868;2573-2323	2904866-7	http://ezb.uni-regensburg.de/detail.phtml?bibid=WIDEA&jour_id=53776	https://onlinelibrary.wiley.com/journal/25732331	1997	4					0	Neue Ökonomie
5612	Japanese Economic Review, The	Springer ; formerly Wiley-Blackwell - SSH	Wirtschaftswissenschaften	1468-5876	1352-4739	2006390-8	http://ezb.uni-regensburg.de/detail.phtml?bibid=WIDEA&jour_id=5612	https://onlinelibrary.wiley.com/journal/14685876	1997	48		2019	70		0	Wirtschaftsbericht Japan
11498	Journal of Accounting Research (aktuelle Jahrgänge)	Wiley-Blackwell - SSH	Wirtschaftswissenschaften	1475-679X	0021-8456	2060654-0	http://ezb.uni-regensburg.de/detail.phtml?bibid=WIDEA&jour_id=11498	https://onlinelibrary.wiley.com/journal/1475679X	2001	39					0	Rechnungswesen
15117	Journal of Agrarian Change	Wiley-Blackwell - SSH	Land- und Forstwirtschaft. Gartenbau. Fischereiwirtschaft. Hauswirtschaft. Ernährung	1471-0366	1471-0358	2056854-X	http://ezb.uni-regensburg.de/detail.phtml?bibid=WIDEA&jour_id=15117	https://onlinelibrary.wiley.com/journal/14710366	2001	1					0	Agrarpolitik
33352	Journal of Agricultural Economics (JAE) 	Wiley-Blackwell - SSH ; Agricultural Economics Society	Land- und Forstwirtschaft. Gartenbau. Fischereiwirtschaft. Hauswirtschaft. Ernährung;Wirtschaftswissenschaften	1477-9552	0021-857X	2101961-7	http://ezb.uni-regensburg.de/detail.phtml?bibid=WIDEA&jour_id=33352	https://onlinelibrary.wiley.com/journal/14779552	1997	48					0	Agrarökonomie
53067	Journal of Applied Corporate Finance	Wiley-Blackwell	Wirtschaftswissenschaften	1745-6622	1078-1196	2179214-8	http://ezb.uni-regensburg.de/detail.phtml?bibid=WIDEA&jour_id=53067	https://onlinelibrary.wiley.com/journal/17456622	1997	9					0	Finanzwirtschaft
3995	Journal of Applied Econometrics	Wiley-Blackwell - SSH	Wirtschaftswissenschaften	1099-1255	0883-7252	1500458-2	http://ezb.uni-regensburg.de/detail.phtml?bibid=WIDEA&jour_id=3995	https://onlinelibrary.wiley.com/journal/10991255	1996	11					0	Allgemeine Volkswirtschaftslehre; Statistik
1827	Journal of Behavioral Decision Making	Wiley-Blackwell - SSH	Psychologie	1099-0771	0894-3257	1477211-5	http://ezb.uni-regensburg.de/detail.phtml?bibid=WIDEA&jour_id=1827	https://onlinelibrary.wiley.com/journal/10990771	1996	9					0	Verhaltenspsychologie
5312	Journal of Business Finance and Accounting	Wiley-Blackwell - SSH	Wirtschaftswissenschaften	1468-5957	0306-686X	2020001-8	http://ezb.uni-regensburg.de/detail.phtml?bibid=WIDEA&jour_id=5312	https://onlinelibrary.wiley.com/journal/14685957	1997	24					0	Rechnungswesen;Finanzwirtschaft
159889	Journal of Business Logistics	Wiley-Blackwell - SSH	Wirtschaftswissenschaften	2158-1592	0735-3766	2068494-0	http://ezb.uni-regensburg.de/detail.phtml?bibid=WIDEA&jour_id=159889	https://onlinelibrary.wiley.com/journal/21581592	2001	22					0	Logistik
4107	Journal of Common Market Studies (JCMS) 	Wiley-Blackwell - SSH	Politologie;Rechtswissenschaft;Wirtschaftswissenschaften	1468-5965	0021-9886	1492234-4	http://ezb.uni-regensburg.de/detail.phtml?bibid=WIDEA&jour_id=4107	https://onlinelibrary.wiley.com/journal/14685965	1997	35					0	Europäische Union;Wirtschaftspolitik
53408	Journal of Consumer Affairs	Wiley-Blackwell - SSH ; JSTOR	Wirtschaftswissenschaften	1745-6606	0022-0078	2066552-0	http://ezb.uni-regensburg.de/detail.phtml?bibid=WIDEA&jour_id=53408	https://onlinelibrary.wiley.com/journal/17456606	1997	31					0	Konsumforschung
38201	Journal of Consumer Behaviour	Wiley-Blackwell - SSH	Wirtschaftswissenschaften	1479-1838	1472-0817	2094545-0	http://ezb.uni-regensburg.de/detail.phtml?bibid=WIDEA&jour_id=38201	https://onlinelibrary.wiley.com/journal/14791838	2001	1					0	Konsumforschung
7003	Journal of Consumer Psychology	Wiley-Blackwell - SSH ; JSTOR ; formerly Elsevier	Psychologie;Wirtschaftswissenschaften	1532-7663	1057-7408	2021876-X	http://ezb.uni-regensburg.de/detail.phtml?bibid=WIDEA&jour_id=7003	https://onlinelibrary.wiley.com/journal/15327663	1997	6					0	Konsumforschung;Wirtschaftspsychologie
10070	Journal of Corporate Accounting & Finance	Wiley-Blackwell - SSH	Wirtschaftswissenschaften	1097-0053	1044-8136	2054493-5	http://ezb.uni-regensburg.de/detail.phtml?bibid=WIDEA&jour_id=10070	https://onlinelibrary.wiley.com/journal/10970053	1999	10	2				0	Rechnungswesen;Finanzwirtschaft
4108	Journal of Economic Surveys	Wiley-Blackwell - SSH	Wirtschaftswissenschaften	1467-6419	0950-0804	2006451-2	http://ezb.uni-regensburg.de/detail.phtml?bibid=WIDEA&jour_id=4108	https://onlinelibrary.wiley.com/journal/14676419	1997	11					0	Allgemeine Volkswirtschaftslehre
40274	Journal of Economics & Management Strategy	Wiley-Blackwell - SSH	Wirtschaftswissenschaften	1530-9134	1058-6407	1481233-2	http://ezb.uni-regensburg.de/detail.phtml?bibid=WIDEA&jour_id=40274	https://onlinelibrary.wiley.com/journal/15309134	1997	6					0	Allgemeine Volkswirtschaftslehre
4254	Journal of Finance, The 	Wiley-Blackwell - SSH	Wirtschaftswissenschaften	1540-6261	0022-1082	2010241-0	http://ezb.uni-regensburg.de/detail.phtml?bibid=WIDEA&jour_id=4254	https://onlinelibrary.wiley.com/journal/15406261	1997	52					0	Finanzwirtschaft
15866	Journal of Financial Research, The	Wiley-Blackwell - SSH	Wirtschaftswissenschaften	1475-6803	0270-2592	2068120-3	http://ezb.uni-regensburg.de/detail.phtml?bibid=WIDEA&jour_id=15866	https://onlinelibrary.wiley.com/journal/14756803	1998	21					0	Finanzwirtschaft
1843	Journal of Forecasting	Wiley-Blackwell - SSH	Wirtschaftswissenschaften	1099-131X	0277-6693	2001645-1	http://ezb.uni-regensburg.de/detail.phtml?bibid=WIDEA&jour_id=1843	https://onlinelibrary.wiley.com/journal/1099131X	1996	15					0	Allgemeine Volkswirtschaftslehre;Statistik
1844	Journal of Futures Markets, The	Wiley-Blackwell - SSH	Wirtschaftswissenschaften	1096-9934	0270-7314	2002201-3	http://ezb.uni-regensburg.de/detail.phtml?bibid=WIDEA&jour_id=1844	https://onlinelibrary.wiley.com/journal/10969934	1996	16					0	Allgemeine Wirtschaftswissenschaft
4531	Journal of Industrial Economics, The (1997-)	Wiley-Blackwell - SSH	Wirtschaftswissenschaften	1467-6451	0022-1821	1478279-0	http://ezb.uni-regensburg.de/detail.phtml?bibid=WIDEA&jour_id=4531	https://onlinelibrary.wiley.com/journal/14676451	1997	45					0	Industriebetriebslehre
1846	Journal of International Development	Wiley-Blackwell - SSH	Geographie;Wirtschaftswissenschaften	1099-1328	0954-1748	1497170-7	http://ezb.uni-regensburg.de/detail.phtml?bibid=WIDEA&jour_id=1846	https://onlinelibrary.wiley.com/journal/10991328	1996	8					0	Wirtschaftsgeographie;Entwicklungsforschung
5358	Journal of International Financial Management and Accounting (JIFMA)	Wiley-Blackwell - SSH	Wirtschaftswissenschaften	1467-646X	0954-1314	2016478-6	http://ezb.uni-regensburg.de/detail.phtml?bibid=WIDEA&jour_id=5358	https://onlinelibrary.wiley.com/journal/1467646X	1997	8					0	Rechnungswesen;Finanzwirtschaft
91349	Journal of Leadership Studies	School of Advanced Studies of the University of Phoenix; Wiley-Blackwell - SSH	Wirtschaftswissenschaften	1935-262X	1935-2611	2316154-1	http://ezb.uni-regensburg.de/detail.phtml?bibid=WIDEA&jour_id=91349	https://onlinelibrary.wiley.com/journal/1935262X	2007	1					0	Unternehmensführung
53410	Journal of Legal Studies Education	Wiley-Blackwell - SSH	Rechtswissenschaft;Wirtschaftswissenschaften	1744-1722	0896-5811	2182377-7	http://ezb.uni-regensburg.de/detail.phtml?bibid=WIDEA&jour_id=53410	https://onlinelibrary.wiley.com/journal/17441722	1997	15					0	Wirtschaftsrecht
4109	Journal of Management Studies	Wiley-Blackwell - SSH	Wirtschaftswissenschaften	1467-6486	0022-2380	1473770-X	http://ezb.uni-regensburg.de/detail.phtml?bibid=WIDEA&jour_id=4109	https://onlinelibrary.wiley.com/journal/14676486	1997	34					0	Unternehmensführung
87605	Journal of Money, Credit and Banking (2007-)	Wiley-Blackwell - SSH	Wirtschaftswissenschaften	1538-4616	0022-2879	2010422-4	http://ezb.uni-regensburg.de/detail.phtml?bibid=WIDEA&jour_id=87605	https://onlinelibrary.wiley.com/journal/15384616	2007	39					0	Finanzwirtschaft;Bankwesen
1851	Journal of Multi-Criteria Decision Analysis	Wiley-Blackwell - SSH	Mathematik	1099-1360	1057-9214	2008739-1	http://ezb.uni-regensburg.de/detail.phtml?bibid=WIDEA&jour_id=1851	https://onlinelibrary.wiley.com/journal/10991360	1996	5					0	Analysis
5262	Journal of Occupational and Organizational Psychology (JOOP) 	Wiley-Blackwell - SSH ; British Psychological Society	Psychologie	2044-8325	0305-8107;0963-1798	1491917-5	http://ezb.uni-regensburg.de/detail.phtml?bibid=WIDEA&jour_id=5262	https://onlinelibrary.wiley.com/journal/20448325	1997	70					0	Arbeitspsychologie
3273	Journal of Operations Management (JOM)	Wiley ; formerly Elsevier	Wirtschaftswissenschaften	1873-1317	0272-6963	2013293-1	http://ezb.uni-regensburg.de/detail.phtml?bibid=WIDEA&jour_id=3273	https://onlinelibrary.wiley.com/journal/18731317	1997	15					0	Prozessmanagement
2616	Journal of Organizational Behavior	Wiley-Blackwell - SSH	Psychologie;Wirtschaftswissenschaften	1099-1379	0894-3796	1501859-3	http://ezb.uni-regensburg.de/detail.phtml?bibid=WIDEA&jour_id=2616	https://onlinelibrary.wiley.com/journal/10991379	1996	17					0	Organisationsmanagement
4253	Journal of Policy Analysis and Management	Wiley-Blackwell - SSH	Politologie;Wirtschaftswissenschaften	1520-6688	0276-8739	2001670-0	http://ezb.uni-regensburg.de/detail.phtml?bibid=WIDEA&jour_id=4253	https://onlinelibrary.wiley.com/journal/15206688	1996	15					0	Verwaltungswesen;Verwaltungswissenschaft
31553	Journal of Product Innovation Management, The	Wiley-Blackwell - SSH ; formerly Elsevier	Wirtschaftswissenschaften	1540-5885	0737-6782	2012544-6	http://ezb.uni-regensburg.de/detail.phtml?bibid=WIDEA&jour_id=31553	https://onlinelibrary.wiley.com/journal/15405885	1997	14					0	Marketing
4533	Journal of Public Economic Theory	Wiley-Blackwell - SSH	Wirtschaftswissenschaften	1467-9779	1097-3923	1478348-4	http://ezb.uni-regensburg.de/detail.phtml?bibid=WIDEA&jour_id=4533	https://onlinelibrary.wiley.com/journal/14679779	1999	1					0	Wirtschaftstheorie
2397	Journal of Regional Science	Wiley-Blackwell - SSH	Geographie;Wirtschaftswissenschaften	1467-9787	0022-4146	1482872-8	http://ezb.uni-regensburg.de/detail.phtml?bibid=WIDEA&jour_id=2397	https://onlinelibrary.wiley.com/journal/14679787	1997	37					0	Regionalentwicklung
20121	Journal of Risk and Insurance, The (aktuelle Jahrgänge)	Wiley-Blackwell - SSH	Wirtschaftswissenschaften	1539-6975	0022-4367	2066637-8	http://ezb.uni-regensburg.de/detail.phtml?bibid=WIDEA&jour_id=20121	https://onlinelibrary.wiley.com/journal/15396975	2002	69					0	Versicherungswesen
10183	Journal of Small Business Management	Taylor & Francis ; formerly Wiley-Blackwell - SSH	Wirtschaftswissenschaften	1540-627X	0047-2778	2046010-7	http://ezb.uni-regensburg.de/detail.phtml?bibid=WIDEA&jour_id=10183	https://onlinelibrary.wiley.com/journal/1540627X	2001	39		2019	57		0	Einzelhandel
53476	Journal of Supply Chain Management, The	Wiley-Blackwell - SSH	Wirtschaftswissenschaften	1745-493X	1055-6001;1523-2409	2070871-3	http://ezb.uni-regensburg.de/detail.phtml?bibid=WIDEA&jour_id=53476	https://onlinelibrary.wiley.com/journal/1745493X	1997	33					0	Logistik
5153	Journal of the Royal Statistical Society / Series A (Statistics in Society) (1997-)	Wiley-Blackwell - STM ; Royal Statistical Society (RSS)	Mathematik	1467-985X	0964-1998	1490715-X	http://ezb.uni-regensburg.de/detail.phtml?bibid=WIDEA&jour_id=5153	https://onlinelibrary.wiley.com/journal/1467985X	1997	160					0	Mathematische Statistik
4569	Journal of the Royal Statistical Society / Series B (Statistical Methodology) (1997-)	Wiley-Blackwell - STM ; Royal Statistical Society (RSS)	Mathematik	1467-9868	0035-9246;1369-7412	1490719-7	http://ezb.uni-regensburg.de/detail.phtml?bibid=WIDEA&jour_id=4569	https://onlinelibrary.wiley.com/journal/14679868	1997	59					0	Mathematische Statistik
4110	Journal of Time Series Analysis	Wiley-Blackwell - STM 	Mathematik	1467-9892	0143-9782	1473831-4	http://ezb.uni-regensburg.de/detail.phtml?bibid=WIDEA&jour_id=4110	https://onlinelibrary.wiley.com/journal/14679892	1997	18					0	Statistik; Wahrscheinlichkeitsrechnung
61944	Journal of World Intellectual Property, The	Wiley-Blackwell - SSH	Rechtswissenschaft;Wirtschaftswissenschaften	1747-1796	1422-2213	2217363-8	http://ezb.uni-regensburg.de/detail.phtml?bibid=WIDEA&jour_id=61944	https://onlinelibrary.wiley.com/journal/17471796	1998	1					0	Urheberrecht
4875	Knowledge and Process Management	Wiley-Blackwell - SSH	Wirtschaftswissenschaften	1099-1441	1092-4604	2021210-0	http://ezb.uni-regensburg.de/detail.phtml?bibid=WIDEA&jour_id=4875	https://onlinelibrary.wiley.com/journal/10991441	1997	4					0	Prozessmanagement
7691	Kyklos	Wiley-Blackwell - SSH	Soziologie;Wirtschaftswissenschaften	1467-6435	0023-5962	2021217-3	http://ezb.uni-regensburg.de/detail.phtml?bibid=WIDEA&jour_id=7691	https://onlinelibrary.wiley.com/journal/14676435	1997	50					0	Allgemeine Soziologie
4111	Labour: Review of Labour Economics and Industrial Relations	Wiley-Blackwell - SSH	Wirtschaftswissenschaften	1467-9914	1121-7081	2021218-5	http://ezb.uni-regensburg.de/detail.phtml?bibid=WIDEA&jour_id=4111	https://onlinelibrary.wiley.com/journal/14679914	1997	11					0	Arbeitsmarktforschung
10107	Leader to Leader	Frances Hesselbein Institute ; Wiley-Blackwell - SSH	Wirtschaftswissenschaften	1531-5355	1087-8149	2213987-4	http://ezb.uni-regensburg.de/detail.phtml?bibid=WIDEA&jour_id=10107	https://onlinelibrary.wiley.com/journal/15315355	2000		15				0	Unternehmensführung
4662	London Business School Review	Wiley-Blackwell - SSH	Wirtschaftswissenschaften	1467-8616;2057-1615	0955-6419;2057-1607	2819426-3	http://ezb.uni-regensburg.de/detail.phtml?bibid=WIDEA&jour_id=4662	https://onlinelibrary.wiley.com/journal/20571615	1997	8		2019	30		0	Unternehmensführung
4071	Managerial and Decision Economics	Wiley-Blackwell - SSH	Wirtschaftswissenschaften	1099-1468	0143-6570	1491342-2	http://ezb.uni-regensburg.de/detail.phtml?bibid=WIDEA&jour_id=4071	https://onlinelibrary.wiley.com/journal/10991468	1996	17					0	Unternehmensführung
4191	Manchester School, The	Wiley-Blackwell - SSH	Wirtschaftswissenschaften	1467-9957	0025-2034;1463-6786	1473781-4	http://ezb.uni-regensburg.de/detail.phtml?bibid=WIDEA&jour_id=4191	https://onlinelibrary.wiley.com/journal/14679957	1997	65					0	Allgemeine Wirtschaftswissenschaft
4671	Mathematical Finance	Wiley-Blackwell - SSH	Mathematik;Wirtschaftswissenschaften	1467-9965	0960-1627	1481288-5	http://ezb.uni-regensburg.de/detail.phtml?bibid=WIDEA&jour_id=4671	https://onlinelibrary.wiley.com/journal/14679965	1997	7					0	Wirtschaftsmathematik; Mathematische Statistik
4399	Metroeconomica	Wiley-Blackwell - SSH	Wirtschaftswissenschaften	1467-999X	0026-1386	1473783-8	http://ezb.uni-regensburg.de/detail.phtml?bibid=WIDEA&jour_id=4399	https://onlinelibrary.wiley.com/journal/1467999X	1997	48					0	Makroökonomie
24821	Natural Resources Forum	Wiley-Blackwell - SSH	Energie, Umweltschutz, Kerntechnik	1477-8947	0165-0203	2018079-2	http://ezb.uni-regensburg.de/detail.phtml?bibid=WIDEA&jour_id=24821	https://onlinelibrary.wiley.com/journal/14778947	1997	21					0	Rohstoffwirtschaft
4604	Naval Research Logistics : An International Journal (formerly: Naval Research Logistics Quarterly)	Wiley-Blackwell - STM 	Mathematik;Wirtschaftswissenschaften	1520-6750	0028-1441;0894-069X	1465691-7	http://ezb.uni-regensburg.de/detail.phtml?bibid=WIDEA&jour_id=4604	https://onlinelibrary.wiley.com/journal/15206750	1996	43					0	Operations Research; Statistik; Logistik
8235	New Technology, Work and Employment	Wiley-Blackwell - SSH	Soziologie;Wirtschaftswissenschaften	1468-005X	0268-1072	2022641-X	http://ezb.uni-regensburg.de/detail.phtml?bibid=WIDEA&jour_id=8235	https://onlinelibrary.wiley.com/journal/1468005X	1997	12					0	Wirtschaftssoziologie;Neue Ökonomie
34610	Nonprofit Management and Leadership	Wiley-Blackwell - SSH	Wirtschaftswissenschaften	1542-7854	1048-6682	2069718-1	http://ezb.uni-regensburg.de/detail.phtml?bibid=WIDEA&jour_id=34610	https://onlinelibrary.wiley.com/journal/15427854	1998	8	3				0	Sozialwirtschaft
109814	OPEC Energy Review	Wiley-Blackwell - SSH	Wirtschaftswissenschaften	1468-0076;1753-0237	0277-0180;1753-0229	2452673-3	http://ezb.uni-regensburg.de/detail.phtml?bibid=WIDEA&jour_id=109814	https://onlinelibrary.wiley.com/journal/17530237	1997	21					0	Energiewirtschaft
4112	Oxford Bulletin of Economics and Statistics	Wiley-Blackwell - SSH	Wirtschaftswissenschaften	1468-0084	0030-767X;0140-5543;0305-9049	1473788-7	http://ezb.uni-regensburg.de/detail.phtml?bibid=WIDEA&jour_id=4112	https://onlinelibrary.wiley.com/journal/14680084	1997	59					0	Wirtschafts- und Sozialstatistik
15861	Pacific Economic Review	Wiley-Blackwell - SSH	Wirtschaftswissenschaften	1468-0106	1361-374X	2063782-2	http://ezb.uni-regensburg.de/detail.phtml?bibid=WIDEA&jour_id=15861	https://onlinelibrary.wiley.com/journal/14680106	1997	2					0	Wirtschaftsbericht Pazifikregion
119418	Pacific Focus	Wiley-Blackwell - SSH	Wirtschaftswissenschaften	1976-5118	1225-4657	2461260-1	http://ezb.uni-regensburg.de/detail.phtml?bibid=WIDEA&jour_id=119418	https://onlinelibrary.wiley.com/journal/19765118	1997	12					0	Wirtschaftsbericht Pazifikregion
4346	Papers in Regional Science	Wiley-Blackwell - SSH ; formerly Springer	Geographie;Wirtschaftswissenschaften	1435-5957	1056-8190	1472494-7	http://ezb.uni-regensburg.de/detail.phtml?bibid=WIDEA&jour_id=4346	https://onlinelibrary.wiley.com/journal/14355957	1997	76					0	Regionalentwicklung
88122	Performance Improvement 	International Society for Performance Improvement; Wiley-Blackwell - SSH	Pädagogik	1930-8272;1932-0116	0884-1985;1090-8811	2274003-X	http://ezb.uni-regensburg.de/detail.phtml?bibid=WIDEA&jour_id=88122	https://onlinelibrary.wiley.com/journal/19308272	2006	45					0	Berufspädagogik
28994	Personnel Psychology	Wiley-Blackwell - SSH	Psychologie	1744-6570	0031-5826	2066879-X	http://ezb.uni-regensburg.de/detail.phtml?bibid=WIDEA&jour_id=28994	https://onlinelibrary.wiley.com/journal/17446570	1997	50					0	Betriebspsychologie
15237	Population and Development Review (aktuelle Jahrgänge)	Wiley-Blackwell - SSH	Soziologie	1728-4457	0098-7921	2008912-0	http://ezb.uni-regensburg.de/detail.phtml?bibid=WIDEA&jour_id=15237	https://onlinelibrary.wiley.com/journal/17284457	1999	25					0	Demographie
65183	Production and Operations Management	Wiley-Blackwell - SSH; Production and Operations Management Society (POMS)	Wirtschaftswissenschaften	1937-5956	1059-1478	2151364-8	http://ezb.uni-regensburg.de/detail.phtml?bibid=WIDEA&jour_id=65183	https://onlinelibrary.wiley.com/journal/19375956	1997	6					0	Prozessmanagement
4938	Psychology and Marketing	Wiley-Blackwell - SSH	Psychologie;Wirtschaftswissenschaften	1520-6793	0742-6046	2002068-5	http://ezb.uni-regensburg.de/detail.phtml?bibid=WIDEA&jour_id=4938	https://onlinelibrary.wiley.com/journal/15206793	1996	13					0	Wirtschaftspsychologie; Marketing
4115	Public Administration	Wiley-Blackwell - SSH	Politologie;Wirtschaftswissenschaften	1467-9299	0033-3298	1482694-X	http://ezb.uni-regensburg.de/detail.phtml?bibid=WIDEA&jour_id=4115	https://onlinelibrary.wiley.com/journal/14679299	1997	75					0	Verwaltungswesen;Verwaltungswissenschaft
10155	Public Administration Review (aktuelle Jahrgänge)	Wiley-Blackwell - SSH	Politologie;Wirtschaftswissenschaften	1540-6210	0033-3352	2045553-7	http://ezb.uni-regensburg.de/detail.phtml?bibid=WIDEA&jour_id=10155	https://onlinelibrary.wiley.com/journal/15406210	2000	60					0	Verwaltungswesen;Verwaltungswissenschaft
9692	Public Budgeting & Finance	Wiley-Blackwell - SSH	Politologie;Wirtschaftswissenschaften	1540-5850	0275-1100	2029127-9	http://ezb.uni-regensburg.de/detail.phtml?bibid=WIDEA&jour_id=9692	https://onlinelibrary.wiley.com/journal/15405850	1997	17					0	Finanzwirtschaft;Verwaltungswesen;Verwaltungswissenschaft
4570	R & D Management	Wiley-Blackwell - SSH	Wirtschaftswissenschaften	1467-9310	0033-6807	2016955-3	http://ezb.uni-regensburg.de/detail.phtml?bibid=WIDEA&jour_id=4570	https://onlinelibrary.wiley.com/journal/14679310	1997	27					0	Allgemeine Betriebswirtschaftslehre
1088	RAND Journal of Economics, The (2006 -)	Wiley-Blackwell - SSH ; Rand Corporation	Wirtschaftswissenschaften	1756-2171	0741-6261	2025174-9	http://ezb.uni-regensburg.de/detail.phtml?bibid=WIDEA&jour_id=1088	https://onlinelibrary.wiley.com/journal/17562171	2006	37					0	Allgemeine Volkswirtschaftslehre
11537	Real Estate Economics	Wiley-Blackwell - SSH	Wirtschaftswissenschaften	1540-6229	0270-0484;1080-8620	2051891-2	http://ezb.uni-regensburg.de/detail.phtml?bibid=WIDEA&jour_id=11537	https://onlinelibrary.wiley.com/journal/15406229	1997	25					0	Immobilienwirtschaft
115944	Regional Science Policy and Practice	Wiley-Blackwell - SSH	Politologie;Wissenschaftskunde, Forschung, Hochschul-, Museumswesen	1757-7802	1757-7802	2489429-1	http://ezb.uni-regensburg.de/detail.phtml?bibid=WIDEA&jour_id=115944	https://onlinelibrary.wiley.com/journal/17577802	2008	1					0	Forschungspolitik
92596	Regulation & Governance	Wiley-Blackwell - SSH	Politologie	1748-5991	1748-5983	2379230-9	http://ezb.uni-regensburg.de/detail.phtml?bibid=WIDEA&jour_id=92596	https://onlinelibrary.wiley.com/journal/17485991	2007	1					0	Regierungswesen;Verwaltungswissenschaft
8984	Review of Development Economics	Wiley-Blackwell - SSH	Wirtschaftswissenschaften	1467-9361	1363-6669	2006400-7	http://ezb.uni-regensburg.de/detail.phtml?bibid=WIDEA&jour_id=8984	https://onlinelibrary.wiley.com/journal/14679361	1997	1					0	Allgemeine Volkswirtschaftslehre
6580	Review of Financial Economics	Wiley ; formerly Elsevier	Wirtschaftswissenschaften	1873-5924	1058-3300	2015922-5	http://ezb.uni-regensburg.de/detail.phtml?bibid=WIDEA&jour_id=6580	https://onlinelibrary.wiley.com/journal/18735924	1996	5					0	Finanzwirtschaft
11483	Review of Income and Wealth, The (Formerly: Income and Wealth)	Wiley-Blackwell - SSH	Wirtschaftswissenschaften	1475-4991	0034-6586;0074-1485	2051176-0	http://ezb.uni-regensburg.de/detail.phtml?bibid=WIDEA&jour_id=11483	https://onlinelibrary.wiley.com/journal/14754991	1997	43					0	Allgemeine Volkswirtschaftslehre
4140	Review of International Economics	Wiley-Blackwell - SSH	Wirtschaftswissenschaften	1467-9396	0965-7576	1473793-0	http://ezb.uni-regensburg.de/detail.phtml?bibid=WIDEA&jour_id=4140	https://onlinelibrary.wiley.com/journal/14679396	1997	5					0	Internationale Wirtschaftsmärkte
15863	Review of Urban & Regional Development Studies (RURDS) : Journal of the Applied Regional Science Conference	Wiley-Blackwell - SSH	Architektur, Bauingenieur- und Vermessungswesen;Geographie;Wirtschaftswissenschaften	1467-940X	0917-0553	2063784-6	http://ezb.uni-regensburg.de/detail.phtml?bibid=WIDEA&jour_id=15863	https://onlinelibrary.wiley.com/journal/1467940X	1997	9		2019	31		0	Regionalentwicklung;Städtebau
24954	Risk Management and Insurance Review	Wiley-Blackwell - SSH	Wirtschaftswissenschaften	1540-6296	1098-1616	2081664-9	http://ezb.uni-regensburg.de/detail.phtml?bibid=WIDEA&jour_id=24954	https://onlinelibrary.wiley.com/journal/15406296	1997	1					0	Versicherungswesen
4141	Scandinavian Journal of Economics, The (1997-)	Wiley-Blackwell - SSH	Wirtschaftswissenschaften	1467-9442	0347-0520	1473804-1	http://ezb.uni-regensburg.de/detail.phtml?bibid=WIDEA&jour_id=4141	https://onlinelibrary.wiley.com/journal/14679442	1997	99					0	Allgemeine Volkswirtschaftslehre
4195	Scottish Journal of Political Economy	Wiley-Blackwell - SSH	Wirtschaftswissenschaften	1467-9485	0036-9292	1473829-6	http://ezb.uni-regensburg.de/detail.phtml?bibid=WIDEA&jour_id=4195	https://onlinelibrary.wiley.com/journal/14679485	1997	44					0	Wirtschaftspolitik
40733	Significance	Wiley-Blackwell - STM 	Mathematik	1740-9713	1740-9705	2139469-6	http://ezb.uni-regensburg.de/detail.phtml?bibid=WIDEA&jour_id=40733	https://onlinelibrary.wiley.com/journal/17409713	2004	1					0	Mathematische Statistik
54124	South African Journal of Economics	Wiley-Blackwell - SSH	Wirtschaftswissenschaften	1813-6982	0038-2280	2067032-1	http://ezb.uni-regensburg.de/detail.phtml?bibid=WIDEA&jour_id=54124	https://onlinelibrary.wiley.com/journal/18136982	1997	65					0	Wirtschaftsbericht Afrika
228422	Southern Economic Journal (2009-)	Wiley-Blackwell - SSH	Wirtschaftswissenschaften	2325-8012	0038-4038	2067038-2	http://ezb.uni-regensburg.de/detail.phtml?bibid=WIDEA&jour_id=228422	https://onlinelibrary.wiley.com/journal/23258012	2009	76					0	Wirtschaftsbericht USA
4605	Strategic Change	Wiley-Blackwell - SSH	Wirtschaftswissenschaften	1099-1697	1057-9265;1086-1718	2002166-5	http://ezb.uni-regensburg.de/detail.phtml?bibid=WIDEA&jour_id=4605	https://onlinelibrary.wiley.com/journal/10991697	1996	5					0	Unternehmensführung
106338	Strategic Entrepreneurship Journal	Wiley-Blackwell - SSH ; Strategic Management Society	Wirtschaftswissenschaften	1932-443X	1932-4391	2426229-8	http://ezb.uni-regensburg.de/detail.phtml?bibid=WIDEA&jour_id=106338	https://onlinelibrary.wiley.com/journal/1932443X	2007	1					0	Unternehmensführung
1888	Strategic Management Journal	Wiley-Blackwell - SSH	Wirtschaftswissenschaften	1097-0266	0143-2095	1478912-7	http://ezb.uni-regensburg.de/detail.phtml?bibid=WIDEA&jour_id=1888	https://onlinelibrary.wiley.com/journal/10970266	1996	17					0	Unternehmensführung
5074	Sustainable Development	Wiley-Blackwell - SSH	Energie, Umweltschutz, Kerntechnik;Geographie	1099-1719	0968-0802	2021120-X	http://ezb.uni-regensburg.de/detail.phtml?bibid=WIDEA&jour_id=5074	https://onlinelibrary.wiley.com/journal/10991719	1996	4					0	Nachhaltigkeit
10102	Thunderbird International Business Review	Wiley-Blackwell - SSH	Wirtschaftswissenschaften	1520-6874	0020-6652;1096-4762	2070466-5	http://ezb.uni-regensburg.de/detail.phtml?bibid=WIDEA&jour_id=10102	https://onlinelibrary.wiley.com/journal/15206874	2000	42					0	Internationale Wirtschaftsmärkte
4540	Tijdschrift voor Economische en Sociale Geografie = Journal of Economic & Social Geography	Wiley-Blackwell - SSH	Geographie	1467-9663	0040-747X	1482901-0	http://ezb.uni-regensburg.de/detail.phtml?bibid=WIDEA&jour_id=4540	https://onlinelibrary.wiley.com/journal/14679663	1997	88					0	Wirtschaftsgeographie;Sozialgeographie
4067	World Economy, The	Wiley-Blackwell - SSH	Rechtswissenschaft;Wirtschaftswissenschaften	1467-9701	0378-5920	1473825-9	http://ezb.uni-regensburg.de/detail.phtml?bibid=WIDEA&jour_id=4067	https://onlinelibrary.wiley.com/journal/14679701	1997	20					0	Internationale Wirtschaftsmärkte
220188	World Oil Trade	Wiley-Blackwell - STM 	Wirtschaftswissenschaften	1467-9728	0950-1029	2785845-5	http://ezb.uni-regensburg.de/detail.phtml?bibid=WIDEA&jour_id=220188	https://onlinelibrary.wiley.com/journal/14679728	2012	34					0	Rohstoffwirtschaft
