"Lizenzliste für Allianz-Lizenz: Karger Journals [NALIX]"																					
"Datum: 25.02.2016 um 17:26 Uhr"																					
"Typ der Lizenzen: Alle angezeigten Lizenzen"																					
																					
"EZB-Id"	"Titel"	"Ampelfarbe"	"Verlag"	"Fach"	"E-ISSN"	"P-ISSN"	"ZDB-Nummer"	"FrontdoorURL"	"Typ"	"Preistyp"	"Zugangsbedingung"	"Link zur Zeitschrift"	"anchor"	"erstes Jahr"	"erstes volume"	"erstes issue"	"letztes Jahr"	"letztes volume"	"letztes issue"	"moving wall"	"verfuegbar"
385	"Cerebrovascular Diseases"	6	"Karger"	"Medizin"	"1421-9786"	"1015-9770"	"1482069-9"	"http://ezb.uni-regensburg.de/?1482069&bibid=NALIX"	"Volltext, Online und Druckausgabe"	"kostenpflichtig"	"Subscription"	"http://www.karger.com/ced"	"karger_complete"	1998	8						"DFG-geförderte Allianz-Lizenz"
2170	"Human Development (Formerly: Vita Humana)"	6	"Karger"	"Psychologie"	"1423-0054"	"0018-716X;0375-4774"	"1472161-2"	"http://ezb.uni-regensburg.de/?1472161&bibid=NALIX"	"Volltext, Online und Druckausgabe"	"kostenpflichtig"	"Subscription"	"http://www.karger.com/hde"	"karger_complete"	1998	41						"DFG-geförderte Allianz-Lizenz"
2186	"American Journal of Nephrology"	6	"Karger"	"Medizin"	"1421-9670"	"0250-8095"	"1468523-1"	"http://ezb.uni-regensburg.de/?1468523&bibid=NALIX"	"Volltext, Online und Druckausgabe"	"kostenpflichtig"	"Subscription"	"http://www.karger.com/ajn"	"karger_complete"	1998	18						"DFG-geförderte Allianz-Lizenz"
2187	"Digestive Surgery"	6	"Karger"	"Medizin"	"1421-9883"	"0253-4886"	"1468560-7"	"http://ezb.uni-regensburg.de/?1468560&bibid=NALIX"	"Volltext, Online und Druckausgabe"	"kostenpflichtig"	"Subscription"	"http://www.karger.com/dsu"	"karger_complete"	1998	15						"DFG-geförderte Allianz-Lizenz"
2188	"European Surgical Research"	6	"Karger"	"Medizin"	"1421-9921"	"0014-312x"	"1468505-x"	"http://ezb.uni-regensburg.de/?1468505&bibid=NALIX"	"Volltext, Online und Druckausgabe"	"kostenpflichtig"	"Subscription"	"http://www.karger.com/esr"	"karger_complete"	1998	30						"DFG-geförderte Allianz-Lizenz"
2189	"Forschende Komplementärmedizin = Research in Complementary Medicine (formerly: Forschende Komplementärmedizin und Klassische Naturheilkunde)"	6	"Karger"	"Medizin"	"1421-9999;1661-4127"	"1021-7096;1424-5485;1661-4119"	"1468807-4"	"http://ezb.uni-regensburg.de/?1468807&bibid=NALIX"	"Volltext, Online und Druckausgabe"	"kostenpflichtig"	"Subscription"	"http://www.karger.com/fkm"	"karger_complete"	1998	5						"DFG-geförderte Allianz-Lizenz"
2190	"Nephron (-2002)"	6	"Karger"	"Medizin"	"1423-0186"	"0028-2766"	"1464421-6"	"http://ezb.uni-regensburg.de/?1464421&bibid=NALIX"	"Volltext, Online und Druckausgabe"	"kostenpflichtig"	"Subscription"	"http://www.karger.com/nef"	"karger_complete"	1998	78		2002	92			"DFG-geförderte Allianz-Lizenz"
2310	"Respiration : International Journal of Thoracic Diseases (früher: Schweizerische Zeitschrift für Tuberkulose (und Pneumologie); Medicina thoracalis)"	6	"Karger"	"Medizin"	"1423-0356"	"0025-7931;0368-9220"	"1464419-8"	"http://ezb.uni-regensburg.de/?1464419&bibid=NALIX"	"Volltext, Online und Druckausgabe"	"kostenpflichtig"	"Subscription"	"http://www.karger.com/res"	"karger_complete"	1998	65						"DFG-geförderte Allianz-Lizenz"
2311	"Urologia Internationalis"	6	"Karger"	"Medizin"	"1423-0399"	"0042-1138"	"1464417-4"	"http://ezb.uni-regensburg.de/?1464417&bibid=NALIX"	"Volltext, Online und Druckausgabe"	"kostenpflichtig"	"Subscription"	"http://www.karger.com/uin"	"karger_complete"	1998	60						"DFG-geförderte Allianz-Lizenz"
2312	"Psychotherapy and Psychosomatics (formerly: Acta Psychotherapeutica et Psychosomatica; Acta Psychotherapeutica, Psychosomatica et Orthopaedagogica)"	6	"Karger"	"Psychologie;Medizin"	"1423-0348"	"0033-3190;0365-5822"	"1472321-9"	"http://ezb.uni-regensburg.de/?1472321&bibid=NALIX"	"Volltext, Online und Druckausgabe"	"kostenpflichtig"	"Subscription"	"http://www.karger.com/pps"	"karger_complete"	1998	67						"DFG-geförderte Allianz-Lizenz"
2888	"Cardiology (früher: Cardiologia)"	6	"Karger"	"Medizin"	"1421-9751"	"0008-6312;0366-5313"	"1482041-9"	"http://ezb.uni-regensburg.de/?1482041&bibid=NALIX"	"Volltext, Online und Druckausgabe"	"kostenpflichtig"	"Subscription"	"http://www.karger.com/crd"	"karger_complete"	1998	89						"DFG-geförderte Allianz-Lizenz"
2892	"Digestion (früher: Archiv für Verdauungskrankheiten mit Einschluss der Stoffwechselpathologie und der Diätetik; Archiv für Verdauungs-Krankheiten, Stoffwechselpathologie und Diätetik; Gastroenterologia)"	6	"Karger"	"Medizin"	"1421-9867"	"0012-2823;0301-164X;0365-8228;0365-8325"	"1482218-0"	"http://ezb.uni-regensburg.de/?1482218&bibid=NALIX"	"Volltext, Online und Druckausgabe"	"kostenpflichtig"	"Subscription"	"http://www.karger.com/dig"	"karger_complete"	1998	59						"DFG-geförderte Allianz-Lizenz"
2894	"Oncology (formerly: Oncologia)"	6	"Karger"	"Medizin"	"1423-0232"	"0030-2414;0369-7606"	"1483096-6"	"http://ezb.uni-regensburg.de/?1483096&bibid=NALIX"	"Volltext, Online und Druckausgabe"	"kostenpflichtig"	"Subscription"	"http://www.karger.com/ocl"	"karger_complete"	1998	55						"DFG-geförderte Allianz-Lizenz"
3005	"Acta Haematologica"	6	"Karger"	"Medizin"	"1421-9662"	"0001-5792"	"1481888-7"	"http://ezb.uni-regensburg.de/?1481888&bibid=NALIX"	"Volltext, Online und Druckausgabe"	"kostenpflichtig"	"Subscription"	"http://www.karger.com/aha"	"karger_complete"	1998	99						"DFG-geförderte Allianz-Lizenz"
3006	"Annals of Nutrition and Metabolism (früher: Nutritio et Dieta; Nutrition and Metabolism)"	6	"Karger"	"Medizin"	"1421-9697"	"0029-6678;0250-6807;0550-4031"	"1481977-6"	"http://ezb.uni-regensburg.de/?1481977&bibid=NALIX"	"Volltext, Online und Druckausgabe"	"kostenpflichtig"	"Subscription"	"http://www.karger.com/anm"	"karger_complete"	1998	42						"DFG-geförderte Allianz-Lizenz"
3007	"Audiology & Neurotology (formerly Audiology & Neuro-Otology)"	6	"Karger"	"Medizin"	"1421-9700"	"1420-3030"	"1481979-x"	"http://ezb.uni-regensburg.de/?1481979&bibid=NALIX"	"Volltext, Online und Druckausgabe"	"kostenpflichtig"	"Subscription"	"http://www.karger.com/aud"	"karger_complete"	1998	3						"DFG-geförderte Allianz-Lizenz"
3009	"Neonatology (formerly: Biology of the Neonate; Biologia Neonatorum)"	6	"Karger"	"Medizin"	"1421-9727;1661-7819"	"0006-3126;0523-6525;1661-7800"	"2403535-X"	"http://ezb.uni-regensburg.de/?2403535&bibid=NALIX"	"Volltext, Online und Druckausgabe"	"kostenpflichtig"	"Subscription"	"http://www.karger.com/NEO"	"karger_complete"	1998	73						"DFG-geförderte Allianz-Lizenz"
3010	"Brain, Behavior and Evolution"	6	"Karger"	"Medizin;Psychologie"	"1421-9743"	"0006-8977"	"1482032-8"	"http://ezb.uni-regensburg.de/?1482032&bibid=NALIX"	"Volltext, Online und Druckausgabe"	"kostenpflichtig"	"Subscription"	"http://www.karger.com/bbe"	"karger_complete"	1998	51						"DFG-geförderte Allianz-Lizenz"
3011	"Caries Research"	6	"Karger"	"Medizin"	"1421-976X"	"0008-6568"	"1482046-8"	"http://ezb.uni-regensburg.de/?1482046&bibid=NALIX"	"Volltext, Online und Druckausgabe"	"kostenpflichtig"	"Subscription"	"http://www.karger.com/cre"	"karger_complete"	1998	32						"DFG-geförderte Allianz-Lizenz"
3012	"Cellular Physiology and Biochemistry (-2004)"	6	"Karger"	"Medizin;Chemie und Pharmazie;Biologie"	"1421-9778"	"1015-8987"	"1482056-0"	"http://ezb.uni-regensburg.de/?1482056&bibid=NALIX"	"Volltext, nur online"	"kostenpflichtig"	"Subscription"	"http://www.karger.com/cpb"	"karger_complete"	1998	8		2004	14			"DFG-geförderte Allianz-Lizenz"
3013	"Chemotherapy (formerly: Chemotherapia)"	6	"Karger"	"Medizin"	"1421-9794"	"0009-3157;0366-7170"	"1482111-4"	"http://ezb.uni-regensburg.de/?1482111&bibid=NALIX"	"Volltext, Online und Druckausgabe"	"kostenpflichtig"	"Subscription"	"http://www.karger.com/che"	"karger_complete"	1998	44						"DFG-geförderte Allianz-Lizenz"
3015	"Dermatology (formerly: Dermatologica; Dermatologische Zeitschrift)"	6	"Karger"	"Medizin"	"1421-9832"	"0011-9075;1018-8665"	"1482189-8"	"http://ezb.uni-regensburg.de/?1482189&bibid=NALIX"	"Volltext, Online und Druckausgabe"	"kostenpflichtig"	"Subscription"	"http://www.karger.com/drm"	"karger_complete"	1998	196						"DFG-geförderte Allianz-Lizenz"
3016	"Digestive Diseases (früher: Survey of Digestive Diseases)"	6	"Karger"	"Medizin"	"1421-9875"	"0253-4398;0257-2753"	"1482221-0"	"http://ezb.uni-regensburg.de/?1482221&bibid=NALIX"	"Volltext, Online und Druckausgabe"	"kostenpflichtig"	"Subscription"	"http://www.karger.com/ddi"	"karger_complete"	1998	16						"DFG-geförderte Allianz-Lizenz"
3024	"European Addiction Research"	6	"Karger"	"Medizin"	"1421-9891"	"1022-6877"	"1482231-3"	"http://ezb.uni-regensburg.de/?1482231&bibid=NALIX"	"Volltext, Online und Druckausgabe"	"kostenpflichtig"	"Subscription"	"http://www.karger.com/ear"	"karger_complete"	1998	4						"DFG-geförderte Allianz-Lizenz"
3025	"European Neurology"	6	"Karger"	"Medizin"	"1421-9913"	"0014-3022"	"1482237-4"	"http://ezb.uni-regensburg.de/?1482237&bibid=NALIX"	"Volltext, Online und Druckausgabe"	"kostenpflichtig"	"Subscription"	"http://www.karger.com/ene"	"karger_complete"	1998	39						"DFG-geförderte Allianz-Lizenz"
3026	"European Urology (1998-2001)"	2	"Karger"	"Medizin"	"1421-993X;1873-7560"	"0302-2838"	"1482253-2"	"http://ezb.uni-regensburg.de/?1482253&bibid=NALIX"	"Volltext, Online und Druckausgabe"	"kostenpflichtig"	"Subscription"	"http://www.karger.com/eur"	"karger_complete"	1998	33		2001	40			"DFG-geförderte Allianz-Lizenz"
3027	"Experimental and Clinical Immunogenetics"	2	"Karger"	"Medizin"	"1421-9948"	"0254-9670"	"1482283-0"	"http://ezb.uni-regensburg.de/?1482283&bibid=NALIX"	"Volltext, Online und Druckausgabe"	"kostenpflichtig"	"Subscription"	"http://www.karger.com/eci"	"karger_complete"	1998	15		2001	18			"DFG-geförderte Allianz-Lizenz"
3029	"Fetal Diagnosis and Therapy (formerly Fetal Therapy)"	6	"Karger"	"Medizin"	"1421-9964"	"0257-2788;1015-3837"	"1482292-1"	"http://ezb.uni-regensburg.de/?1482292&bibid=NALIX"	"Volltext, Online und Druckausgabe"	"kostenpflichtig"	"Subscription"	"http://www.karger.com/fdt"	"karger_complete"	1998	13						"DFG-geförderte Allianz-Lizenz"
3030	"Gerontology (Karger)"	6	"Karger"	"Medizin"	"1423-0003"	"0016-898X;0304-324X"	"1482689-6"	"http://ezb.uni-regensburg.de/?1482689&bibid=NALIX"	"Volltext, Online und Druckausgabe"	"kostenpflichtig"	"Subscription"	"http://www.karger.com/ger"	"karger_complete"	1998	44						"DFG-geförderte Allianz-Lizenz"
3031	"Hormone Research in Paediatrics"	6	"Karger"	"Medizin"	"1423-0046;1663-2826"	"0018-5051;0301-0163;1663-2818"	"2540224-9"	"http://ezb.uni-regensburg.de/?2540224&bibid=NALIX"	"Volltext, Online und Druckausgabe"	"kostenpflichtig"	"Subscription"	"http://www.karger.com/hrp"	"karger_complete"	1998	49						"DFG-geförderte Allianz-Lizenz"
3032	"Human Heredity (formerly Acta Genetica et Statistica Medica)"	6	"Karger"	"Medizin;Biologie"	"1423-0062"	"0001-5652;0365-2785"	"1482710-4"	"http://ezb.uni-regensburg.de/?1482710&bibid=NALIX"	"Volltext, Online und Druckausgabe"	"kostenpflichtig"	"Subscription"	"http://www.karger.com/hhe"	"karger_complete"	1998	48						"DFG-geförderte Allianz-Lizenz"
3035	"International Archives of Allergy and Immunology"	6	"Karger"	"Medizin"	"1423-0097"	"0020-5915;1018-2438"	"1482722-0"	"http://ezb.uni-regensburg.de/?1482722&bibid=NALIX"	"Volltext, Online und Druckausgabe"	"kostenpflichtig"	"Subscription"	"http://www.karger.com/iaa"	"karger_complete"	1998	115						"DFG-geförderte Allianz-Lizenz"
3038	"Mineral and Electrolyte Metabolism"	2	"Karger"	"Medizin"	"1423-016X"	"0378-0392"	"1482979-4"	"http://ezb.uni-regensburg.de/?1482979&bibid=NALIX"	"Volltext, Online und Druckausgabe"	"kostenpflichtig"	"Subscription"	"http://www.karger.com/mem"	"karger_complete"	1998	24		1999	25			"DFG-geförderte Allianz-Lizenz"
3042	"Neuroendocrinology"	6	"Karger"	"Medizin"	"1423-0194"	"0028-3835"	"1483028-0"	"http://ezb.uni-regensburg.de/?1483028&bibid=NALIX"	"Volltext, Online und Druckausgabe"	"kostenpflichtig"	"Subscription"	"http://www.karger.com/nen"	"karger_complete"	1998	67						"DFG-geförderte Allianz-Lizenz"
3043	"Neuroepidemiology"	6	"Karger"	"Medizin"	"1423-0208"	"0251-5350"	"1483032-2"	"http://ezb.uni-regensburg.de/?1483032&bibid=NALIX"	"Volltext, Online und Druckausgabe"	"kostenpflichtig"	"Subscription"	"http://www.karger.com/ned"	"karger_complete"	1998	17						"DFG-geförderte Allianz-Lizenz"
3044	"Neuropsychobiology"	6	"Karger"	"Psychologie"	"1423-0224"	"0302-282X"	"1483094-2"	"http://ezb.uni-regensburg.de/?1483094&bibid=NALIX"	"Volltext, Online und Druckausgabe"	"kostenpflichtig"	"Subscription"	"http://www.karger.com/nps"	"karger_complete"	1998	37						"DFG-geförderte Allianz-Lizenz"
3045	"ORL (formerly Practica Oto-Rhino-Laryngologica)"	6	"Karger"	"Medizin"	"1423-0275"	"0032-6305;0301-1569"	"1483533-2"	"http://ezb.uni-regensburg.de/?1483533&bibid=NALIX"	"Volltext, Online und Druckausgabe"	"kostenpflichtig"	"Subscription"	"http://www.karger.com/orl"	"karger_complete"	1998	60						"DFG-geförderte Allianz-Lizenz"
3046	"Oncology Research and Treatment (formerly Onkologie)"	6	"Karger"	"Medizin"	"1423-0240;2296-5262"	"0378-584X;2296-5270"	"2749752-5"	"http://ezb.uni-regensburg.de/?2749752&bibid=NALIX"	"Volltext, Online und Druckausgabe"	"kostenpflichtig"	"Subscription"	"http://www.karger.com/ort"	"karger_complete"	1998	21						"DFG-geförderte Allianz-Lizenz"
3047	"Ophthalmic Research"	6	"Karger"	"Medizin"	"1423-0259"	"0030-3747"	"1483177-6"	"http://ezb.uni-regensburg.de/?1483177&bibid=NALIX"	"Volltext, Online und Druckausgabe"	"kostenpflichtig"	"Subscription"	"http://www.karger.com/ore"	"karger_complete"	1998	30						"DFG-geförderte Allianz-Lizenz"
3048	"Ophthalmologica (früher: Zeitschrift für Augenheilkunde)"	6	"Karger"	"Medizin"	"1423-0267"	"0030-3755;0372-834X"	"1483531-9"	"http://ezb.uni-regensburg.de/?1483531&bibid=NALIX"	"Volltext, Online und Druckausgabe"	"kostenpflichtig"	"Subscription"	"http://www.karger.com/oph"	"karger_complete"	1998	212						"DFG-geförderte Allianz-Lizenz"
3049	"Pathobiology (formerly Experimental Cell Biology; Pathologia et Microbiologia; Schweizerische Zeitschrift für allgemeine Pathologie und Bakteriologie)"	6	"Karger"	"Medizin;Biologie"	"1423-0291"	"0031-2959;0304-3568;0371-487X;1015-2008"	"1483541-1"	"http://ezb.uni-regensburg.de/?1483541&bibid=NALIX"	"Volltext, Online und Druckausgabe"	"kostenpflichtig"	"Subscription"	"http://www.karger.com/pat"	"karger_complete"	1998	66						"DFG-geförderte Allianz-Lizenz"
3050	"Pharmacology (formerly Medicina et Pharmacologia Experimentalis; Medicina Experimentalis)"	6	"Karger"	"Medizin"	"1423-0313"	"0031-7012;0258-2589;0543-3002;0543-3010"	"1483550-2"	"http://ezb.uni-regensburg.de/?1483550&bibid=NALIX"	"Volltext, Online und Druckausgabe"	"kostenpflichtig"	"Subscription"	"http://www.karger.com/pha"	"karger_complete"	1998	56						"DFG-geförderte Allianz-Lizenz"
3051	"Psychopathology (formerly: Psychiatria Clinica = Psychiatria et Neurologia / A)"	6	"Karger"	"Medizin"	"1423-033X"	"0033-264X;0254-4962"	"1483565-4"	"http://ezb.uni-regensburg.de/?1483565&bibid=NALIX"	"Volltext, Online und Druckausgabe"	"kostenpflichtig"	"Subscription"	"http://www.karger.com/psp"	"karger_complete"	1998	31						"DFG-geförderte Allianz-Lizenz"
3052	"Skin Pharmacology and Physiology (Formerly Skin Pharmacology and Applied Skin Physiology; Skin Pharmacology)"	6	"Karger"	"Medizin"	"1422-2906;1660-5535"	"1011-0283;1422-2868;1660-5527"	"1483572-1"	"http://ezb.uni-regensburg.de/?1483572&bibid=NALIX"	"Volltext, Online und Druckausgabe"	"kostenpflichtig"	"Subscription"	"http://www.karger.com/spp"	"karger_complete"	1998	11						"DFG-geförderte Allianz-Lizenz"
3053	"Tumor Biology (- 2009)"	6	"Karger"	"Medizin"	"1423-0380"	"1010-4283"	"1483579-4"	"http://ezb.uni-regensburg.de/?1483579&bibid=NALIX"	"Volltext, Online und Druckausgabe"	"kostenpflichtig"	"Subscription"	"http://www.karger.com/tbi"	"karger_complete"	1998	19		2009	30			"DFG-geförderte Allianz-Lizenz"
3054	"Verhaltenstherapie : Praxis, Forschung, Perspektiven"	6	"Karger"	"Psychologie;Medizin"	"1423-0402"	"1016-6262"	"1483583-6"	"http://ezb.uni-regensburg.de/?1483583&bibid=NALIX"	"Volltext, Online und Druckausgabe"	"kostenpflichtig"	"Subscription"	"http://www.karger.com/ver"	"karger_complete"	1998	8						"DFG-geförderte Allianz-Lizenz"
3891	"Analytische Psychologie"	2	"Karger"	"Psychologie"	"1421-9689"	"0301-3006"	"1481968-5"	"http://ezb.uni-regensburg.de/?1481968&bibid=NALIX"	"Volltext, Online und Druckausgabe"	"kostenpflichtig"	"Subscription"	"http://www.karger.com/aps"	"karger_complete"	1998	29		2003	34			"DFG-geförderte Allianz-Lizenz"
3892	"Blood Purification"	6	"Karger"	"Medizin"	"1421-9735"	"0253-5068"	"1482025-0"	"http://ezb.uni-regensburg.de/?1482025&bibid=NALIX"	"Volltext, Online und Druckausgabe"	"kostenpflichtig"	"Subscription"	"http://www.karger.com/bpu"	"karger_complete"	1998	16						"DFG-geförderte Allianz-Lizenz"
3893	"Cells Tissues Organs (formerly Acta Anatomica)"	6	"Karger"	"Medizin;Biologie"	"1421-9654;1422-6421"	"0001-5180;1422-6405"	"1481840-1"	"http://ezb.uni-regensburg.de/?1481840&bibid=NALIX"	"Volltext, Online und Druckausgabe"	"kostenpflichtig"	"Subscription"	"http://www.karger.com/cto"	"karger_complete"	1998	161						"DFG-geförderte Allianz-Lizenz"
3894	"Visceral Medicine (formerly: Viszeralmedizin ; Chirurgische Gastroenterologie)"	6	"Karger"	"Medizin"	"1421-9808;1662-6672;2297-475X"	"0177-9990;1662-6664;2297-4725"	"2487201-5"	"http://ezb.uni-regensburg.de/?2487201&bibid=NALIX"	"Volltext, Online und Druckausgabe"	"kostenpflichtig"	"Subscription"	"http://www.karger.com/cga"	"karger_complete"	1998	14						"DFG-geförderte Allianz-Lizenz"
3896	"Dementia and Geriatric Cognitive Disorders"	6	"Karger"	"Medizin"	"1421-9824"	"1013-7424;1420-8008"	"1482186-2"	"http://ezb.uni-regensburg.de/?1482186&bibid=NALIX"	"Volltext, Online und Druckausgabe"	"kostenpflichtig"	"Subscription"	"http://www.karger.com/dem"	"karger_complete"	1998	9						"DFG-geförderte Allianz-Lizenz"
3897	"Developmental Neuroscience"	6	"Karger"	"Medizin"	"1421-9859"	"0378-5866"	"1482201-5"	"http://ezb.uni-regensburg.de/?1482201&bibid=NALIX"	"Volltext, Online und Druckausgabe"	"kostenpflichtig"	"Subscription"	"http://www.karger.com/dne"	"karger_complete"	1998	20						"DFG-geförderte Allianz-Lizenz"
3898	"Folia Phoniatrica et Logopaedica (formerly Folia Phoniatrica)"	6	"Karger"	"Medizin"	"1421-9972"	"0015-5705;1021-7762"	"1482295-7"	"http://ezb.uni-regensburg.de/?1482295&bibid=NALIX"	"Volltext, Online und Druckausgabe"	"kostenpflichtig"	"Subscription"	"http://www.karger.com/fpl"	"karger_complete"	1998	50						"DFG-geförderte Allianz-Lizenz"
3899	"Folia Primatologica"	6	"Karger"	"Biologie"	"1421-9980"	"0015-5713"	"1482298-2"	"http://ezb.uni-regensburg.de/?1482298&bibid=NALIX"	"Volltext, Online und Druckausgabe"	"kostenpflichtig"	"Subscription"	"http://www.karger.com/fpr"	"karger_complete"	1998	69						"DFG-geförderte Allianz-Lizenz"
3923	"Stereotactic and Functional Neurosurgery (formerly: Applied Neurophysiology; Confinia Neurologica)"	6	"Karger"	"Medizin"	"1423-0372"	"0010-5678;0379-2676;1011-6125"	"1483576-9"	"http://ezb.uni-regensburg.de/?1483576&bibid=NALIX"	"Volltext, Online und Druckausgabe"	"kostenpflichtig"	"Subscription"	"http://www.karger.com/sfn"	"karger_complete"	1998	70						"DFG-geförderte Allianz-Lizenz"
3924	"Phonetica"	6	"Karger"	"Allgemeine und vergleichende Sprach- und Literaturwissenschaft. Indogermanistik. Außereuropäische Sprachen und Literaturen"	"1423-0321"	"0031-8388"	"1483552-6"	"http://ezb.uni-regensburg.de/?1483552&bibid=NALIX"	"Volltext, Online und Druckausgabe"	"kostenpflichtig"	"Subscription"	"http://www.karger.com/pho"	"karger_complete"	1998	55						"DFG-geförderte Allianz-Lizenz"
3925	"Pediatric Neurosurgery (formerly Pediatric Neuroscience ; Child's Brain)"	6	"Karger"	"Medizin"	"1423-0305"	"0255-7975;0302-2803;1016-2291"	"1483546-0"	"http://ezb.uni-regensburg.de/?1483546&bibid=NALIX"	"Volltext, Online und Druckausgabe"	"kostenpflichtig"	"Subscription"	"http://www.karger.com/pne"	"karger_complete"	1998	28						"DFG-geförderte Allianz-Lizenz"
3926	"Oto-Rhino-Laryngologia Nova"	6	"Karger"	"Medizin"	"1423-0283"	"1014-8221"	"1483536-8"	"http://ezb.uni-regensburg.de/?1483536&bibid=NALIX"	"Volltext, Online und Druckausgabe"	"kostenpflichtig"	"Subscription"	"http://www.karger.com/orn"	"karger_complete"	1998	8		2003	12			"DFG-geförderte Allianz-Lizenz"
3927	"NeuroImmunoModulation"	6	"Karger"	"Medizin"	"1423-0216"	"1021-7401"	"1483035-8"	"http://ezb.uni-regensburg.de/?1483035&bibid=NALIX"	"Volltext, Online und Druckausgabe"	"kostenpflichtig"	"Subscription"	"http://www.karger.com/nim"	"karger_complete"	1998	5						"DFG-geförderte Allianz-Lizenz"
3928	"Natural Immunity"	2	"Karger"	"Medizin"	"1423-0178"	"1018-8916"	"1482989-7"	"http://ezb.uni-regensburg.de/?1482989&bibid=NALIX"	"Volltext, Online und Druckausgabe"	"kostenpflichtig"	"Subscription"	"http://www.karger.com/nam"	"karger_complete"	1998	16	1	1998	16	6		"DFG-geförderte Allianz-Lizenz"
3929	"Kidney and Blood Pressure Research (-2009)"	6	"Karger"	"Medizin"	"1423-0143"	"0378-5858;1011-6524;1420-4096"	"1482922-8"	"http://ezb.uni-regensburg.de/?1482922&bibid=NALIX"	"Volltext, nur online"	"kostenpflichtig"	"Subscription"	"http://www.karger.com/kbr"	"karger_complete"	1998	21		2009	32			
3930	"Journal of Vascular Research (formerly Blood Vessels; Angiologica)"	6	"Karger"	"Medizin"	"1423-0135"	"0003-3189;0303-6847;1018-1172"	"1482726-8"	"http://ezb.uni-regensburg.de/?1482726&bibid=NALIX"	"Volltext, Online und Druckausgabe"	"kostenpflichtig"	"Subscription"	"http://www.karger.com/jvr"	"karger_complete"	1998	35						"DFG-geförderte Allianz-Lizenz"
3931	"Invasion and Metastasis"	2	"Karger"	"Medizin"	"1423-0119"	"0251-1789"	"1482868-6"	"http://ezb.uni-regensburg.de/?1482868&bibid=NALIX"	"Volltext, Online und Druckausgabe"	"kostenpflichtig"	"Subscription"	"http://www.karger.com/iam"	"karger_complete"	1998	18	1	1999	18	6		"DFG-geförderte Allianz-Lizenz"
3932	"Intervirology"	6	"Karger"	"Medizin"	"1423-0100"	"0300-5526"	"1482863-7"	"http://ezb.uni-regensburg.de/?1482863&bibid=NALIX"	"Volltext, Online und Druckausgabe"	"kostenpflichtig"	"Subscription"	"http://www.karger.com/int"	"karger_complete"	1998	41						"DFG-geförderte Allianz-Lizenz"
3934	"Gynecologic and Obstetric Investigation (formerly: Monatsschrift für Geburtshilfe und Gynaekologie; Gynaecologia; Gynecologic Investigation)"	6	"Karger"	"Medizin"	"1423-002X"	"0017-5986;0367-5513;0368-9867;0378-7346"	"1482695-1"	"http://ezb.uni-regensburg.de/?1482695&bibid=NALIX"	"Volltext, Online und Druckausgabe"	"kostenpflichtig"	"Subscription"	"http://www.karger.com/goi"	"karger_complete"	1998	45						"DFG-geförderte Allianz-Lizenz"
3935	"Gynäkologisch-Geburtshilfliche Rundschau (formerly Gynäkologische Rundschau)"	6	"Karger"	"Medizin"	"1423-0011"	"1018-8843"	"1482693-8"	"http://ezb.uni-regensburg.de/?1482693&bibid=NALIX"	"Volltext, Online und Druckausgabe"	"kostenpflichtig"	"Subscription"	"http://www.karger.com/ggr"	"karger_complete"	1998	38		2009	49			"DFG-geförderte Allianz-Lizenz"
6783	"Heart Drug"	2	"Karger"	"Medizin"	"1424-0556"	"1422-9528"	"2022258-0"	"http://ezb.uni-regensburg.de/?2022258&bibid=NALIX"	"Volltext, Online und Druckausgabe"	"kostenpflichtig"	"Subscription"	"http://www.karger.com/hed"	"karger_complete"	2001	1		2005	5			"DFG-geförderte Allianz-Lizenz"
6785	"Dermatology and Psychosomatics / Dermatologie und Psychosomatik"	2	"Karger"	"Medizin"	"1424-0564"	"1422-9196"	"2022257-9"	"http://ezb.uni-regensburg.de/?2022257&bibid=NALIX"	"Volltext, Online und Druckausgabe"	"kostenpflichtig"	"Subscription"	"http://www.karger.com/dps"	"karger_complete"	2000	1		2004	5			"DFG-geförderte Allianz-Lizenz"
10008	"Pancreatology"	6	"Elsevier ; formerly Karger"	"Medizin"	"1424-3911"	"1424-3903"	"2043694-4"	"http://ezb.uni-regensburg.de/?2043694&bibid=NALIX"	"Volltext, Online und Druckausgabe"	"kostenpflichtig"	"Subscription"	"http://www.karger.com/pan"	"karger_complete"	2001	1		2011	11			"DFG-geförderte Allianz-Lizenz"
10159	"Vox Sanguinis"	2	"Wiley-Blackwell - STM ; formerly Karger"	"Medizin"	"1423-0410"	"0042-9007"	"1483587-3"	"http://ezb.uni-regensburg.de/?1483587&bibid=NALIX"	"Volltext, Online und Druckausgabe"	"kostenpflichtig"	"Subscription"	"http://www.karger.com/vox"	"karger_complete"	1998	74		2000	79			"DFG-geförderte Allianz-Lizenz"
18987	"Neuroembryology and Aging"	2	"Karger"	"Medizin"	"1424-8530;1661-3414"	"1424-8522;1661-3406"	"2206059-5"	"http://ezb.uni-regensburg.de/?2206059&bibid=NALIX"	"Volltext, Online und Druckausgabe"	"kostenpflichtig"	"Subscription"	"http://www.karger.com/nba"	"karger_complete"	2002	1		2008	5			"DFG-geförderte Allianz-Lizenz"
19980	"Neurosignals (-2003)"	6	"Karger"	"Medizin"	"1422-4992;1424-8638"	"1422-4933;1424-862x"	"2061922-4"	"http://ezb.uni-regensburg.de/?2061922&bibid=NALIX"	"Volltext, Online und Druckausgabe"	"kostenpflichtig"	"Subscription"	"http://www.karger.com/nsg"	"karger_complete"	1998	7		2003	12			"DFG-geförderte Allianz-Lizenz"
20115	"ComPlexUs : Modelling and Understanding Functional Interactions in Life Sciences"	2	"Karger"	"Biologie"	"1424-8506"	"1424-8492"	"2061889-X"	"http://ezb.uni-regensburg.de/?2061889&bibid=NALIX"	"Volltext, Online und Druckausgabe"	"kostenpflichtig"	"Subscription"	"http://www.karger.com/cpu"	"karger_complete"	2003	1		2006	3			"DFG-geförderte Allianz-Lizenz"
20117	"Cytogenetic and Genome Research"	6	"Karger"	"Medizin;Biologie"	"1421-9816;1424-859X"	"0301-0171;1424-8581"	"2061918-2"	"http://ezb.uni-regensburg.de/?2061918&bibid=NALIX"	"Volltext, Online und Druckausgabe"	"kostenpflichtig"	"Subscription"	"http://www.karger.com/cgr"	"karger_complete"	1998	80						"DFG-geförderte Allianz-Lizenz"
20123	"Exogenous Dermatology"	2	"Karger"	"Medizin"	"1424-4624"	"1424-4616"	"2061890-6"	"http://ezb.uni-regensburg.de/?2061890&bibid=NALIX"	"Volltext, Online und Druckausgabe"	"kostenpflichtig"	"Subscription"	"http://www.karger.com/exd"	"karger_complete"	2002	1		2004	3			"DFG-geförderte Allianz-Lizenz"
20127	"Pathophysiology of Haemostasis and Thrombosis"	6	"Karger"	"Medizin"	"1423-0038;1424-8840"	"0301-0147;1424-8832"	"2081182-2"	"http://ezb.uni-regensburg.de/?2081182&bibid=NALIX"	"Volltext, Online und Druckausgabe"	"kostenpflichtig"	"Subscription"	"http://www.karger.com/pht"	"karger_complete"	1998	28		2010	37			"DFG-geförderte Allianz-Lizenz"
24673	"Frauenheilkunde Aktuell (2000-2002)"	2	"Karger"	"Medizin"	"1663-6988"	"1021-5697"	"2079404-6"	"http://ezb.uni-regensburg.de/?2079404&bibid=NALIX"	"Volltext, Online und Druckausgabe"	"kostenlos"	"frei zug&auml;nglich"	"http://www.karger.com/fhk"	"karger_complete"	2000	9		2002	11			"DFG-geförderte Allianz-Lizenz"
31679	"Nephron Clinical Practice"	2	"Karger"	"Medizin"	"1660-2110"	"0028-2766"	"2098336-0"	"http://ezb.uni-regensburg.de/?2098336&bibid=NALIX"	"Volltext, Online und Druckausgabe"	"kostenpflichtig"	"Subscription"	"http://www.karger.com/NEC"	"karger_complete"	2003	93		2014	128			"DFG-geförderte Allianz-Lizenz"
31680	"Nephron Experimental Nephrology"	2	"Karger"	"Medizin"	"1421-9956;1660-2129"	"0028-2766;1018-7782"	"2098337-2"	"http://ezb.uni-regensburg.de/?2098337&bibid=NALIX"	"Volltext, Online und Druckausgabe"	"kostenpflichtig"	"Subscription"	"http://www.karger.com/NEE"	"karger_complete"	1998	6		2014	128			"DFG-geförderte Allianz-Lizenz"
31681	"Nephron Physiology"	2	"Karger"	"Medizin"	"1660-2137"	"0028-2766"	"2098340-2"	"http://ezb.uni-regensburg.de/?2098340&bibid=NALIX"	"Volltext, Online und Druckausgabe"	"kostenpflichtig"	"Subscription"	"http://www.karger.com/NEP"	"karger_complete"	2003	93		2014	128			"DFG-geförderte Allianz-Lizenz"
31683	"Journal of Molecular Microbiology and Biotechnology (2003-)"	2	"Karger"	"Biologie;Verfahrenstechnik, Biotechnologie, Lebensmitteltechnologie"	"1660-2412"	"1464-1801"	"2052063-3"	"http://ezb.uni-regensburg.de/?2052063&bibid=NALIX"	"Volltext, Online und Druckausgabe"	"kostenpflichtig"	"Subscription"	"http://www.karger.com/mmb"	"karger_complete"	2003	5						"DFG-geförderte Allianz-Lizenz"
33234	"Transfusion Medicine and Hemotherapy"	6	"Karger"	"Medizin"	"1660-3818"	"0378-0791;1011-6966;1019-8466;1660-3796"	"2100533-3"	"http://ezb.uni-regensburg.de/?2100533&bibid=NALIX"	"Volltext, Online und Druckausgabe"	"kostenpflichtig"	"Subscription"	"http://www.karger.com/tmh"	"karger_complete"	1998	25						"DFG-geförderte Allianz-Lizenz"
37710	"Indoor and Built Environment"	6	"Sage Publications ; HighWire Press ; formerly Karger"	"Energie, Umweltschutz, Kerntechnik;Architektur, Bauingenieur- und Vermessungswesen"	"1423-0070"	"1420-326X"	"1482713-x"	"http://ezb.uni-regensburg.de/?1482713&bibid=NALIX"	"Volltext, Online und Druckausgabe"	"kostenpflichtig"	"Subscription"	"http://www.karger.com/ibe"	"karger_complete"	1998	7		2002	11			"DFG-geförderte Allianz-Lizenz"
39165	"Neurodegenerative Diseases"	2	"Karger"	"Medizin"	"1660-2862"	"1660-2854"	"2126858-7"	"http://ezb.uni-regensburg.de/?2126858&bibid=NALIX"	"Volltext, Online und Druckausgabe"	"kostenpflichtig"	"Subscription"	"http://www.karger.com/NDD"	"karger_complete"	2004	1						"DFG-geförderte Allianz-Lizenz"
53421	"Journal of Biomedical Science (1993-2008)"	6	"Springer ; formerly Karger"	"Medizin;Biologie"	"1423-0127"	"1021-7770"	"1482918-6"	"http://ezb.uni-regensburg.de/?1482918&bibid=NALIX"	"Volltext, Online und Druckausgabe"	"kostenlos mit Druckausgabe"	"Subscription"	"http://www.karger.com/jbs"	"karger_complete"	1998	5		2004	11			"DFG-geförderte Allianz-Lizenz"
58897	"Annales Nestlé / Deutsche Ausgabe"	2	"Karger"	"Medizin"	"1661-3740"	"0250-9652"	"2204701-3"	"http://ezb.uni-regensburg.de/?2204701&bibid=NALIX"	"Volltext, Online und Druckausgabe"	"kostenlos mit Druckausgabe"	"Subscription"	"http://www.karger.com/AND"	"karger_complete"	2006	64		2008	66			"DFG-geförderte Allianz-Lizenz"
60195	"Breast Care"	2	"Karger"	"Medizin"	"1661-3805"	"1661-3791"	"2205941-6"	"http://ezb.uni-regensburg.de/?2205941&bibid=NALIX"	"Volltext, Online und Druckausgabe"	"kostenpflichtig"	"Subscription"	"http://www.karger.com/brc"	"karger_complete"	2006	1						"DFG-geförderte Allianz-Lizenz"
80945	"Annales Nestlé / Ed. Française"	2	"Karger"	"Medizin"	"1661-3732"	"0250-9644"	"2242209-2"	"http://ezb.uni-regensburg.de/?2242209&bibid=NALIX"	"Volltext, nur online"	"kostenpflichtig"	"Subscription"	"http://www.karger.com/ANF"	"karger_complete"	2006	64		2010	68			"DFG-geförderte Allianz-Lizenz"
80946	"Annales Nestlé / Ed. Española"	2	"Karger"	"Medizin"	"1661-4003"	"0252-8185"	"2242202-X"	"http://ezb.uni-regensburg.de/?2242202&bibid=NALIX"	"Volltext, nur online"	"kostenpflichtig"	"Subscription"	"http://www.karger.com/Journal/Home/231408"	"karger_complete"	2006	64		2010	68			"DFG-geförderte Allianz-Lizenz"
80947	"Annales Nestlé / English Ed."	2	"Karger"	"Medizin"	"1661-4011"	"0517-8606"	"2242238-9"	"http://ezb.uni-regensburg.de/?2242238&bibid=NALIX"	"Volltext, nur online"	"kostenpflichtig"	"Subscription"	"http://www.karger.com/ANE"	"karger_complete"	2006	64		2010	68			"DFG-geförderte Allianz-Lizenz"
84966	"Current Urology"	2	"Karger"	"Medizin"	"1661-7657"	"1661-7649"	"2260439-X"	"http://ezb.uni-regensburg.de/?2260439&bibid=NALIX"	"Volltext, Online und Druckausgabe"	"kostenpflichtig"	"Subscription"	"http://www.karger.com/CUR"	"karger_complete"	2007	1						"DFG-geförderte Allianz-Lizenz"
85079	"Journal of Nutrigenetics and Nutrigenomics"	2	"Karger"	"Medizin"	"1661-6758"	"1661-6499"	"2261364-X"	"http://ezb.uni-regensburg.de/?2261364&bibid=NALIX"	"Volltext, Online und Druckausgabe"	"kostenpflichtig"	"Subscription"	"http://www.karger.com/JNN"	"karger_complete"	2007	1						"DFG-geförderte Allianz-Lizenz"
85085	"Sexual Development"	2	"Karger"	"Medizin"	"1661-5433"	"1661-5425"	"2261528-3"	"http://ezb.uni-regensburg.de/?2261528&bibid=NALIX"	"Volltext, Online und Druckausgabe"	"kostenpflichtig"	"Subscription"	"http://www.karger.com/SXD"	"karger_complete"	2007	1						"DFG-geförderte Allianz-Lizenz"
110168	"Journal of Innate Immunity"	2	"Karger"	"Medizin"	"1662-8128"	"1662-811X"	"2455818-7"	"http://ezb.uni-regensburg.de/?2455818&bibid=NALIX"	"Volltext, Online und Druckausgabe"	"kostenpflichtig"	"Subscription"	"http://www.karger.com/JIN"	"karger_complete"	2009	1						"DFG-geförderte Allianz-Lizenz"
110171	"Public Health Genomics (formerly Community Genetics)"	2	"Karger"	"Medizin"	"1422-2833;1662-8063"	"1422-2795;1662-4246"	"2457026-6"	"http://ezb.uni-regensburg.de/?2457026&bibid=NALIX"	"Volltext, Online und Druckausgabe"	"kostenpflichtig"	"Subscription"	"http://www.karger.com/PHG"	"karger_complete"	1998	1						"DFG-geförderte Allianz-Lizenz"
133386	"Molecular Syndromology"	2	"Karger"	"Medizin"	"1661-8777"	"1661-8769"	"2546218-0"	"http://ezb.uni-regensburg.de/?2546218&bibid=NALIX"	"Volltext, Online und Druckausgabe"	"kostenpflichtig"	"Subscription"	"http://www.karger.com/MSY"	"karger_complete"	2010	1						"DFG-geförderte Allianz-Lizenz"
137161	"Schweizerische Zeitschrift für Ganzheitsmedizin / Swiss Journal of Integrative Medicine"	2	"Karger"	"Medizin"	"1663-7607"	"1015-0684"	"2387510-0"	"http://ezb.uni-regensburg.de/?2387510&bibid=NALIX"	"Volltext, Online und Druckausgabe"	"kostenpflichtig"	"Subscription"	"http://www.karger.com/SZG"	"karger_complete"	2005	17						"DFG-geförderte Allianz-Lizenz"
150346	"Acta Cytologica"	2	"Karger"	"Biologie;Medizin"	"1938-2650"	"0001-5547"	"2256676-4"	"http://ezb.uni-regensburg.de/?2256676&bibid=NALIX"	"Volltext, Online und Druckausgabe"	"kostenpflichtig"	"Subscription"	"http://www.karger.com/ACY"	"karger_complete"	1996	40						"DFG-geförderte Allianz-Lizenz"
151545	"Cardiorenal Medicine"	2	"Karger"	"Medizin"	"1664-5502"	"1664-3828"	"2595659-0"	"http://ezb.uni-regensburg.de/?2595659&bibid=NALIX"	"Volltext, Online und Druckausgabe"	"kostenpflichtig"	"Subscription"	"http://www.karger.com/crm"	"karger_complete"	2011	1						"DFG-geförderte Allianz-Lizenz"
183850	"European Thyroid Journal"	2	"Karger"	"Medizin"	"2235-0802"	"2235-0640"	"2659767-6"	"http://ezb.uni-regensburg.de/?2659767&bibid=NALIX"	"Volltext, Online und Druckausgabe"	"kostenpflichtig"	"Subscription"	"http://www.karger.com/etj"	"karger_complete"	2012	1						"DFG-geförderte Allianz-Lizenz"
184221	"Interventional Neurology"	2	"Karger"	"Medizin"	"1664-5545"	"1664-9737"	"2662855-7"	"http://ezb.uni-regensburg.de/?2662855&bibid=NALIX"	"Volltext, Online und Druckausgabe"	"kostenpflichtig"	"Subscription"	"http://www.karger.com/INE"	"karger_complete"	2012	1						"DFG-geförderte Allianz-Lizenz"
184796	"Liver Cancer"	2	"Karger"	"Medizin"	"1664-5553"	"2235-1795"	"2666925-0"	"http://ezb.uni-regensburg.de/?2666925&bibid=NALIX"	"Volltext, Online und Druckausgabe"	"kostenpflichtig"	"Subscription"	"http://www.karger.com/LIC"	"karger_complete"	2012	1						"DFG-geförderte Allianz-Lizenz"
195611	"Pulse"	2	"Karger"	"Medizin"	"2235-8668"	"2235-8676"	"2707138-8"	"http://ezb.uni-regensburg.de/?2707138&bibid=NALIX"	"Volltext, Online und Druckausgabe"	"kostenpflichtig"	"Subscription"	"http://www.karger.com/PLS"	"karger_complete"	2013	1						"DFG-geförderte Allianz-Lizenz"
199096	"Karger Kompass Pneumologie"	2	"Karger"	"Medizin"	"2296-0317"	"2296-0368"	"2724124-5"	"http://ezb.uni-regensburg.de/?2724124&bibid=NALIX"	"Volltext, Online und Druckausgabe"	"kostenpflichtig"	"Subscription"	"http://www.karger.com/Journal/Home/257333"	"karger_complete"	2013	1						"DFG-geförderte Allianz-Lizenz"
201754	"Gastrointestinal Tumors"	2	"Karger"	"Medizin"	"2296-3766"	"2296-3774"	"2735769-7"	"http://ezb.uni-regensburg.de/?2735769&bibid=NALIX"	"Volltext, Online und Druckausgabe"	"kostenlos mit Druckausgabe"	"Subscription"	"http://www.karger.com/GAT"	"karger_complete"	2014	1						"DFG-geförderte Allianz-Lizenz"
203079	"Karger Kompass Dermatologie"	2	"Karger"	"Medizin"	"2296-536X"	"2296-5424"	"2741387-1"	"http://ezb.uni-regensburg.de/?2741387&bibid=NALIX"	"Volltext, Online und Druckausgabe"	"kostenpflichtig"	"Subscription"	"http://www.karger.com/Journal/Home/261191"	"karger_complete"	2013	1						"DFG-geförderte Allianz-Lizenz"
211151	"Karger Kompass Onkologie"	2	"Karger"	"Medizin"	"2296-5386"	"2296-5416"	"2754730-9"	"http://ezb.uni-regensburg.de/?2754730&bibid=NALIX"	"Volltext, Online und Druckausgabe"	"kostenpflichtig"	"Subscription"	"http://www.karger.com/Journal/Home/261192"	"karger_complete"	2014	1						"DFG-geförderte Allianz-Lizenz"
227747	"Molecular Neuropsychiatry"	2	"Karger"	"Medizin"	"2296-9179"	"2296-9209"	"2806946-8"	"http://ezb.uni-regensburg.de/?2806946&bibid=NALIX"	"Volltext, Online und Druckausgabe"	"kostenpflichtig"	"Subscription"	"http://www.karger.com/MNP"	"karger_complete"	2015	1						"DFG-geförderte Allianz-Lizenz"
227748	"Ocular Oncology and Pathology"	2	"Karger"	"Medizin"	"2296-4657"	"2296-4681"	"2806965-1"	"http://ezb.uni-regensburg.de/?2806965&bibid=NALIX"	"Volltext, Online und Druckausgabe"	"kostenpflichtig"	"Subscription"	"http://www.karger.com/OOP"	"karger_complete"	2015	1						"DFG-geförderte Allianzlizenz"
227749	"Skin Appendage Disorders"	2	"Karger"	"Medizin"	"2296-9160"	"2296-9195"	"2806972-9"	"http://ezb.uni-regensburg.de/?2806972&bibid=NALIX"	"Volltext, Online und Druckausgabe"	"kostenpflichtig"	"Subscription"	"http://www.karger.com/SAD"	"karger_complete"	2015	1						"DFG-geförderte Allianzlizenz"
228349	"Kidney Diseases"	2	"Karger"	"Medizin"	"2296-9357"	"2296-9381"	"2817963-8"	"http://ezb.uni-regensburg.de/?2817963&bibid=NALIX"	"Volltext, Online und Druckausgabe"	"kostenpflichtig"	"Subscription"	"http://www.karger.com/KDD"	"karger_complete"	2015	1						"DFG-geförderte Allianz-Lizenz"
228419	"Nephron (2015-)"	2	"Karger"	"Medizin"	"2235-3186"	"1660-8151"	"2810853-X"	"http://ezb.uni-regensburg.de/?2810853&bibid=NALIX"	"Volltext, Online und Druckausgabe"	"kostenpflichtig"	"Subscription"	"http://www.karger.com/nef"	"karger_complete"	2015	129						"DFG-geförderte Allianz-Lizenz"
237052	"Karger Kompass Ophthalmologie"	2	"Karger"	"Medizin"	"2297-0045"	"2297-0118"	"2834706-7"	"http://ezb.uni-regensburg.de/?2834706&bibid=NALIX"	"Volltext, Online und Druckausgabe"	"kostenpflichtig"	"Subscription"	"http://www.karger.com/KOP"	"karger_complete"	2015	1						"DFG-geförderte Allianz-Lizenz"
