"Lizenzliste für Allianz-Lizenz: Royal Society of Chemistry [NALIB]"																					
"Datum: 25.10.2016 um 10:48 Uhr"																					
"Typ der Lizenzen: Alle angezeigten Lizenzen"																					
																					
"EZB-Id"	"Titel"	"Ampelfarbe"	"Verlag"	"Fach"	"E-ISSN"	"P-ISSN"	"ZDB-Nummer"	"FrontdoorURL"	"Typ"	"Preistyp"	"Zugangsbedingung"	"Link zur Zeitschrift"	"anchor"	"erstes Jahr"	"erstes volume"	"erstes issue"	"letztes Jahr"	"letztes volume"	"letztes issue"	"moving wall"	"verfuegbar"
3	"Analyst, The"	2	"Royal Society of Chemistry (RSC)"	"Chemie und Pharmazie"	"1364-5528"	"0003-2654"	"1472713-4"	"http://ezb.uni-regensburg.de/?1472713&bibid=NALIB"	"Volltext, Online und Druckausgabe"	"kostenlos mit Druckausgabe"	"Subscription"	"http://xlink.rsc.org/?genre=journal&issn=1364-5528"	"natli_rsc_complete"	1876	1						"DFG-geförderte Allianz-Lizenz"
5	"Journal of Analytical Atomic Spectrometry (JAAS)"	2	"Royal Society of Chemistry (RSC)"	"Chemie und Pharmazie"	"1364-5544"	"0267-9477"	"1484654-8"	"http://ezb.uni-regensburg.de/?1484654&bibid=NALIB"	"Volltext, Online und Druckausgabe"	"kostenlos mit Druckausgabe"	"Subscription"	"http://xlink.rsc.org/?genre=journal&issn=1364-5544"	"natli_rsc_complete"	1986	1						"DFG-geförderte Allianz-Lizenz"
6	"Chemical Communications : ChemComm"	2	"Royal Society of Chemistry (RSC)"	"Chemie und Pharmazie"	"1364-548X"	"0009-241X;0022-4936;1359-7345"	"1472881-3"	"http://ezb.uni-regensburg.de/?1472881&bibid=NALIB"	"Volltext, Online und Druckausgabe"	"kostenlos mit Druckausgabe"	"Subscription"	"http://xlink.rsc.org/?genre=journal&issn=1364-548X"	"natli_rsc_complete"	1996							"DFG-geförderte Allianz-Lizenz"
8	"Dalton Transactions (2003 -)"	2	"Royal Society of Chemistry (RSC)"	"Chemie und Pharmazie"	"1477-9234"	"1477-9226"	"1472887-4"	"http://ezb.uni-regensburg.de/?1472887&bibid=NALIB"	"Volltext, Online und Druckausgabe"	"kostenlos mit Druckausgabe"	"Subscription"	"http://xlink.rsc.org/?genre=journal&issn=1477-9234"	"natli_rsc_complete"	2003							"DFG-geförderte Allianz-Lizenz"
9	"Journal of the Chemical Society, Faraday Transactions"	2	"Royal Society of Chemistry (RSC)"	"Chemie und Pharmazie;Physik"	"1364-5455"	"0956-5000"	"1476283-3"	"http://ezb.uni-regensburg.de/?1476283&bibid=NALIB"	"Volltext, Online und Druckausgabe"	"kostenpflichtig"	"Subscription"	"http://xlink.rsc.org/?genre=journal&issn=1364-5455"	"natli_rsc_complete"	1990	86		1998	94			"DFG-geförderte Allianz-Lizenz"
10	"Faraday Discussions"	2	"Royal Society of Chemistry (RSC)"	"Chemie und Pharmazie;Physik"	"0301-7249;1364-5498"	"1359-6640"	"1472891-6"	"http://ezb.uni-regensburg.de/?1472891&bibid=NALIB"	"Volltext, Online und Druckausgabe"	"kostenlos mit Druckausgabe"	"Subscription"	"http://xlink.rsc.org/?genre=journal&issn=1359-6640"	"natli_rsc_complete"	1991	92						"DFG-geförderte Allianz-Lizenz"
11	"Journal of Materials Chemistry"	2	"Royal Society of Chemistry (RSC)"	"Chemie und Pharmazie;Maschinenwesen, Werkstoffwissenschaften, Fertigungstechnik, Bergbau u. Hüttenwesen, Verkehrstechnik, Feinwerktechnik"	"1364-5501"	"0959-9428"	"1491403-7"	"http://ezb.uni-regensburg.de/?1491403&bibid=NALIB"	"Volltext, Online und Druckausgabe"	"kostenlos mit Druckausgabe"	"Subscription"	"http://xlink.rsc.org/?genre=journal&issn=1364-5501"	"natli_rsc_complete"	1991	1		2012	22			"DFG-geförderte Allianz-Lizenz"
13	"Perkin Transactions 1"	2	"Royal Society of Chemistry (RSC)"	"Chemie und Pharmazie"	"1364-5463"	"0300-922X;1472-7781"	"1472938-6"	"http://ezb.uni-regensburg.de/?1472938&bibid=NALIB"	"Volltext, Online und Druckausgabe"	"kostenpflichtig"	"Subscription"	"http://xlink.rsc.org?genre=journal&eissn=1364-5463&date=2001"	"natli_rsc_complete"	2001			2002				"DFG-geförderte Allianz-Lizenz"
14	"Perkin Transactions 2"	2	"Royal Society of Chemistry (RSC)"	"Chemie und Pharmazie"	"1364-5471"	"1472-779X"	"1472943-x"	"http://ezb.uni-regensburg.de/?1472943&bibid=NALIB"	"Volltext, Online und Druckausgabe"	"kostenpflichtig"	"Subscription"	"http://xlink.rsc.org?genre=journal&eissn=1364-5471&date=2001"	"natli_rsc_complete"	2001			2002				"DFG-geförderte Allianz-Lizenz"
1806	"Chemical Society Reviews"	2	"Royal Society of Chemistry (RSC)"	"Chemie und Pharmazie"	"1460-4744"	"0306-0012"	"1472875-8"	"http://ezb.uni-regensburg.de/?1472875&bibid=NALIB"	"Volltext, Online und Druckausgabe"	"kostenlos mit Druckausgabe"	"Subscription"	"http://xlink.rsc.org/?genre=journal&issn=1460-4744"	"natli_rsc_complete"	1972	1						"DFG-geförderte Allianz-Lizenz"
1807	"Natural Product Reports"	2	"Royal Society of Chemistry (RSC)"	"Chemie und Pharmazie"	"1460-4752"	"0265-0568"	"2002546-4"	"http://ezb.uni-regensburg.de/?2002546&bibid=NALIB"	"Volltext, Online und Druckausgabe"	"kostenlos mit Druckausgabe"	"Subscription"	"http://xlink.rsc.org/?genre=journal&issn=1460-4752"	"natli_rsc_complete"	1984	1						"DFG-geförderte Allianz-Lizenz"
1808	"New Journal of Chemistry"	2	"Royal Society of Chemistry (RSC)"	"Chemie und Pharmazie"	"1369-9261"	"0398-9836;1144-0546"	"1472933-7"	"http://ezb.uni-regensburg.de/?1472933&bibid=NALIB"	"Volltext, Online und Druckausgabe"	"kostenlos mit Druckausgabe"	"Subscription"	"http://xlink.rsc.org/?genre=journal&issn=1369-9261"	"natli_rsc_complete"	1998	22						"DFG-geförderte Allianz-Lizenz"
2328	"Annual Reports on the Progress of Chemistry A: Inorganic Chemistry"	2	"Royal Society of Chemistry (RSC)"	"Chemie und Pharmazie"	"1460-4760"	"0069-3022;0260-1818;0308-6003"	"1472855-2"	"http://ezb.uni-regensburg.de/?1472855&bibid=NALIB"	"Volltext, Online und Druckausgabe"	"kostenlos mit Druckausgabe"	"Subscription"	"http://xlink.rsc.org/?genre=journal&issn=1460-4760"	"natli_rsc_complete"	1979	76		2013	109			"DFG-geförderte Allianz-Lizenz"
2329	"Annual Reports on the Progress of Chemistry B: Organic Chemistry"	2	"Royal Society of Chemistry (RSC)"	"Chemie und Pharmazie"	"1460-4779"	"0069-3030"	"1472862-x"	"http://ezb.uni-regensburg.de/?1472862&bibid=NALIB"	"Volltext, Online und Druckausgabe"	"kostenlos mit Druckausgabe"	"Subscription"	"http://xlink.rsc.org/?genre=journal&issn=1460-4779"	"natli_rsc_complete"	1967	64		2013	109			"DFG-geförderte Allianz-Lizenz"
2330	"Annual Reports on the Progress of Chemistry C: Physical Chemistry"	2	"Royal Society of Chemistry (RSC)"	"Physik;Chemie und Pharmazie"	"1460-4787"	"0260-1826"	"1472867-9"	"http://ezb.uni-regensburg.de/?1472867&bibid=NALIB"	"Volltext, Online und Druckausgabe"	"kostenlos mit Druckausgabe"	"Subscription"	"http://xlink.rsc.org/?genre=journal&issn=1460-4787"	"natli_rsc_complete"	1979	76		2013	109			"DFG-geförderte Allianz-Lizenz"
4261	"PhysChemComm"	2	"Royal Society of Chemistry (RSC)"	"Chemie und Pharmazie;Physik"	"1460-2733"		"1472959-3"	"http://ezb.uni-regensburg.de/?1472959&bibid=NALIB"	"Volltext, nur online"	"kostenlos"	"individuelle Registrierung"	"http://xlink.rsc.org/?genre=journal&issn=1460-2733"	"natli_rsc_complete"	1998	1		2003	6			"DFG-geförderte Allianz-Lizenz"
4429	"Physical Chemistry, Chemical Physics (PCCP)"	2	"Royal Society of Chemistry (RSC)"	"Physik;Chemie und Pharmazie"	"1463-9084"	"1463-9076"	"1476244-4"	"http://ezb.uni-regensburg.de/?1476244&bibid=NALIB"	"Volltext, Online und Druckausgabe"	"kostenpflichtig"	"Subscription"	"http://xlink.rsc.org/?genre=journal&issn=1463-9084"	"natli_rsc_complete"	1999	1						"DFG-geförderte Allianz-Lizenz"
4690	"CrystEngComm"	2	"Royal Society of Chemistry (RSC)"	"Chemie und Pharmazie;Physik;Geowissenschaften"	"1466-8033"		"2025075-7"	"http://ezb.uni-regensburg.de/?2025075&bibid=NALIB"	"Volltext, nur online"	"kostenpflichtig"	"Subscription"	"http://xlink.rsc.org/?genre=journal&issn=1466-8033"	"natli_rsc_complete"	1999	1						"DFG-geförderte Allianz-Lizenz"
5176	"Green Chemistry"	2	"Royal Society of Chemistry (RSC)"	"Chemie und Pharmazie"	"1463-9270"	"1463-9262"	"2006274-6"	"http://ezb.uni-regensburg.de/?2006274&bibid=NALIB"	"Volltext, Online und Druckausgabe"	"kostenlos mit Druckausgabe"	"Subscription"	"http://xlink.rsc.org/?genre=journal&issn=1463-9270"	"natli_rsc_complete"	1999	1						"DFG-geförderte Allianz-Lizenz"
5204	"Journal of Environmental Monitoring (JEM)"	2	"Royal Society of Chemistry (RSC)"	"Energie, Umweltschutz, Kerntechnik"	"1464-0333"	"1464-0325"	"2027542-0"	"http://ezb.uni-regensburg.de/?2027542&bibid=NALIB"	"Volltext, Online und Druckausgabe"	"kostenlos mit Druckausgabe"	"Subscription"	"http://xlink.rsc.org/?genre=journal&issn=1464-0333"	"natli_rsc_complete"	1999	1		2012	14			"DFG-geförderte Allianz-Lizenz"
9610	"Lab on a Chip"	2	"Royal Society of Chemistry (RSC)"	"Verfahrenstechnik, Biotechnologie, Lebensmitteltechnologie;Chemie und Pharmazie"	"1473-0189"	"1473-0197"	"2056646-3"	"http://ezb.uni-regensburg.de/?2056646&bibid=NALIB"	"Volltext, Online und Druckausgabe"	"kostenlos mit Druckausgabe"	"Subscription"	"http://xlink.rsc.org/?genre=journal&issn=1473-0189"	"natli_rsc_complete"	2001	1						"DFG-geförderte Allianz-Lizenz"
19713	"Photochemical and Photobiological Sciences"	2	"Royal Society of Chemistry (RSC)"	"Chemie und Pharmazie;Biologie"	"1474-9092"	"1474-905X"	"2072584-X"	"http://ezb.uni-regensburg.de/?2072584&bibid=NALIB"	"Volltext, Online und Druckausgabe"	"kostenlos mit Druckausgabe"	"Subscription"	"http://xlink.rsc.org/?genre=journal&issn=1474-9092"	"natli_rsc_complete"	2002	1						"DFG-geförderte Allianz-Lizenz"
31540	"Organic and Biomolecular Chemistry"	2	"Royal Society of Chemistry (RSC)"	"Chemie und Pharmazie"	"1477-0539"	"1477-0520"	"2097583-1"	"http://ezb.uni-regensburg.de/?2097583&bibid=NALIB"	"Volltext, Online und Druckausgabe"	"kostenlos mit Druckausgabe"	"Subscription"	"http://xlink.rsc.org/?genre=journal&issn=1477-0539"	"natli_rsc_complete"	2003	1						"DFG-geförderte Allianz-Lizenz"
33512	"Issues in Environmental Science and Technology"	2	"Royal Society of Chemistry (RSC)"	"Energie, Umweltschutz, Kerntechnik"	"1465-1874"	"1350-7583"	"2141480-4"	"http://ezb.uni-regensburg.de/?2141480&bibid=NALIB"	"Volltext, Online und Druckausgabe"	"kostenlos mit Druckausgabe"	"Subscription"	"http://pubs.rsc.org/en/ebooks#!key=series-title&value=Issues-in-Environmental-Science-and-Technology"	"natli_rsc_complete"	1994							"DFG-geförderte Allianz-Lizenz"
39952	"Proceedings of the Society for Analytical Chemistry"	2	"Royal Society of Chemistry (RSC)"	"Chemie und Pharmazie"		"0037-9697"	"2165090-1"	"http://ezb.uni-regensburg.de/?2165090&bibid=NALIB"	"retrodigitalisiert"	"kostenpflichtig"	"Subscription"	"http://xlink.rsc.org/?genre=journal&issn=0037-9697"	"natli_rsc_complete"	1964	1		1974	11			"Nationallizenz"
39955	"Proceedings of the Analytical Division of the Chemical Society"	2	"Royal Society of Chemistry (RSC)"	"Chemie und Pharmazie"		"0306-1396"	"2166458-4"	"http://ezb.uni-regensburg.de/?2166458&bibid=NALIB"	"retrodigitalisiert"	"kostenpflichtig"	"Subscription"	"http://xlink.rsc.org/?genre=journal&issn=0306-1396"	"natli_rsc_complete"	1975	12		1979	16			"Nationallizenz"
39957	"Analytical Proceedings"	2	"Royal Society of Chemistry (RSC)"	"Chemie und Pharmazie"		"0144-557X;0306-1396"	"2161430-1"	"http://ezb.uni-regensburg.de/?2161430&bibid=NALIB"	"Volltext, Online und Druckausgabe"	"kostenpflichtig"	"Subscription"	"http://xlink.rsc.org/jumptojournal.cfm?journal_code=AP"	"natli_rsc_complete"	1980	17		1993	30			"Nationallizenz"
39960	"Analytical Communications"	2	"Royal Society of Chemistry (RSC)"	"Chemie und Pharmazie"		"1359-7337"	"1495496-5"	"http://ezb.uni-regensburg.de/?1495496&bibid=NALIB"	"retrodigitalisiert"	"kostenpflichtig"	"Subscription"	"http://xlink.rsc.org/?genre=journal&issn=1364-5536"	"natli_rsc_complete"	1996	33		1999	36			"Nationallizenz"
40386	"Chemistry World"	2	"Royal Society of Chemistry (RSC)"	"Chemie und Pharmazie"	"1749-5318"	"1473-7604"	"2135793-6"	"http://ezb.uni-regensburg.de/?2135793&bibid=NALIB"	"Volltext, Online und Druckausgabe"	"kostenlos mit Druckausgabe"	"Subscription"	"http://www.rsc.org/chemistryworld/Issues/"	"natli_rsc_complete"	2004	1		2012	9			"DFG-geförderte Allianz-Lizenz"
40386	"Chemistry World"	2	"Royal Society of Chemistry (RSC)"	"Chemie und Pharmazie"	"1749-5318"	"1473-7604"	"2135793-6"	"http://ezb.uni-regensburg.de/?2135793&bibid=NALIB"	"Volltext, Online und Druckausgabe"	"kostenlos mit Druckausgabe"	"Subscription"	"http://www.rsc.org/chemistryworld/restricted/DigitalEdition.asp"	"natli_rsc_complete"	2011	8						"DFG-geförderte Allianz-Lizenz"
40845	"Geochemical Transactions (2000 - 2003)"	2	"BioMed Central; Royal Society of Chemistry"	"Chemie und Pharmazie;Geowissenschaften"	"1467-4866"		"2033931-8"	"http://ezb.uni-regensburg.de/?2033931&bibid=NALIB"	"Volltext, nur online"	"kostenpflichtig"	"Subscription"	"http://xlink.rsc.org/?genre=journal&issn=1467-4866"	"natli_rsc_complete"	2000	1		2003	4			"Nationallizenz"
40968	"Quarterly Reviews, Chemical Society"	2	"Royal Society of Chemistry (RSC)"	"Chemie und Pharmazie"		"0009-2681"	"2197424-X"	"http://ezb.uni-regensburg.de/?2197424&bibid=NALIB"	"retrodigitalisiert"	"kostenpflichtig"	"Subscription"	"http://xlink.rsc.org/?genre=journal&issn=0009-2681"	"natli_rsc_complete"	1947	1		1971	25			"Nationallizenz"
42435	"Outlooks on Pest Management (Formerly: Pesticide Outlook)"	6	"Research Information Ltd ; formerly RCS Publishing"	"Land- und Forstwirtschaft. Gartenbau. Fischereiwirtschaft. Hauswirtschaft. Ernährung"	"1465-8933;1743-1034"	"0956-1250;1743-1026"	"2146750-X"	"http://ezb.uni-regensburg.de/?2146750&bibid=NALIB"	"Volltext, Online und Druckausgabe"	"kostenlos mit Druckausgabe"	"Subscription"	"http://pubs.rsc.org/en/journals/journalissues/po#!issueid=po014006&type=archive&issnprint=0956-1250"	"natli_rsc_complete"	2000	11		2003	14			"DFG-geförderte Allianz-Lizenz"
46881	"Chemical Science"	2	"Royal Society of Chemistry (RSC)"	"Chemie und Pharmazie"	"2041-6539"	"2041-6520"	"2559110-1"	"http://ezb.uni-regensburg.de/?2559110&bibid=NALIB"	"Volltext, Online und Druckausgabe"	"kostenpflichtig"	"Subscription"	"http://xlink.rsc.org?genre=journal&issn=2041-6539"	"natli_rsc_complete"	2010	1						"DFG-geförderte Allianz-Lizenz"
54179	"Molecular BioSystems"	2	"Royal Society of Chemistry (RSC)"	"Chemie und Pharmazie;Biologie"	"1742-2051"	"1742-206X"	"2188635-0"	"http://ezb.uni-regensburg.de/?2188635&bibid=NALIB"	"Volltext, Online und Druckausgabe"	"kostenlos mit Druckausgabe"	"Subscription"	"http://xlink.rsc.org/?genre=journal&issn=1742-2051"	"natli_rsc_complete"	2005	1						"DFG-geförderte Allianz-Lizenz"
55807	"Soft Matter"	2	"Royal Society of Chemistry (RSC)"	"Maschinenwesen, Werkstoffwissenschaften, Fertigungstechnik, Bergbau u. Hüttenwesen, Verkehrstechnik, Feinwerktechnik;Chemie und Pharmazie"	"1744-6848"	"1744-683X"	"2191476-X"	"http://ezb.uni-regensburg.de/?2191476&bibid=NALIB"	"Volltext, Online und Druckausgabe"	"kostenlos mit Druckausgabe"	"nicht anwendbar"	"http://xlink.rsc.org/?genre=journal&issn=1744-6848"	"natli_rsc_complete"	2005	1						"DFG-geförderte Allianz-Lizenz"
56450	"Faraday Discussions of the Chemical Society"	2	"Royal Society of Chemistry (RSC)"	"Physik;Chemie und Pharmazie"		"0301-7249"	"2193363-7"	"http://ezb.uni-regensburg.de/?2193363&bibid=NALIB"	"retrodigitalisiert"	"kostenpflichtig"	"Subscription"	"http://xlink.rsc.org/?genre=journal&issn=0301-7249"	"natli_rsc_complete"	1972	53		1991	91			"Nationallizenz"
56452	"Discussions of the Faraday Society"	2	"Royal Society of Chemistry (RSC)"	"Physik;Chemie und Pharmazie"	"1754-7679"	"0014-7664;0366-9033"	"2193357-1"	"http://ezb.uni-regensburg.de/?2193357&bibid=NALIB"	"retrodigitalisiert"	"kostenpflichtig"	"Subscription"	"http://xlink.rsc.org/?genre=journal&issn=0366-9033"	"natli_rsc_complete"	1947	1		1971	52			"Nationallizenz"
56533	"Journal of the Chemical Society A, Inorganic, Physical, Theoretical"	2	"Royal Society of Chemistry (RSC)"	"Physik;Chemie und Pharmazie"		"0022-4944"	"2194430-1"	"http://ezb.uni-regensburg.de/?2194430&bibid=NALIB"	"retrodigitalisiert"	"kostenpflichtig"	"Subscription"	"http://xlink.rsc.org/?genre=journal&issn=0022-4944"	"natli_rsc_complete"	1966			1971				"Nationallizenz"
56535	"Journal of the Chemical Society B, Physical Organic"	2	"Royal Society of Chemistry (RSC)"	"Chemie und Pharmazie"	"2050-5590"	"0045-6470"	"2194432-5"	"http://ezb.uni-regensburg.de/?2194432&bibid=NALIB"	"retrodigitalisiert"	"kostenpflichtig"	"Subscription"	"http://xlink.rsc.org/?genre=journal&issn=0045-6470"	"natli_rsc_complete"	1966			1971				"Nationallizenz"
56536	"Journal of the Chemical Society C, Organic"	2	"Royal Society of Chemistry (RSC)"	"Chemie und Pharmazie"	"2050-5604"	"0022-4952"	"2194433-7"	"http://ezb.uni-regensburg.de/?2194433&bibid=NALIB"	"retrodigitalisiert"	"kostenpflichtig"	"Subscription"	"http://xlink.rsc.org/?genre=journal&issn=0022-4952"	"natli_rsc_complete"	1966			1971				"Nationallizenz"
56537	"Journal of the Chemical Society D, Chemical Communications"	2	"Royal Society of Chemistry (RSC)"	"Chemie und Pharmazie"		"0577-6171"	"2194434-9"	"http://ezb.uni-regensburg.de/?2194434&bibid=NALIB"	"retrodigitalisiert"	"kostenpflichtig"	"Subscription"	"http://xlink.rsc.org/?genre=journal&issn=0577-6171"	"natli_rsc_complete"	1969			1971				"Nationallizenz"
56539	"Journal of the Chemical Society, Chemical Communications"	2	"Royal Society of Chemistry (RSC)"	"Chemie und Pharmazie"		"0022-4936"	"2197471-8"	"http://ezb.uni-regensburg.de/?2197471&bibid=NALIB"	"retrodigitalisiert"	"kostenpflichtig"	"Subscription"	"http://xlink.rsc.org/?genre=journal&issn=0022-4936"	"natli_rsc_complete"	1972			1995				"Nationallizenz"
56970	"Selected Annual Reviews of the Analytical Sciences"	2	"Royal Society of Chemistry (RSC)"	"Chemie und Pharmazie"		"0300-9963"	"2196138-4"	"http://ezb.uni-regensburg.de/?2196138&bibid=NALIB"	"retrodigitalisiert"	"kostenpflichtig"	"Subscription"	"http://xlink.rsc.org/?genre=journal&issn=0300-9963"	"natli_rsc_complete"	1971	1		1974	4			"Nationallizenz"
57216	"Annual Reports on Analytical Atomic Spectroscopy"	2	"Royal Society of Chemistry (RSC)"	"Chemie und Pharmazie"		"0306-1353"	"2197168-7"	"http://ezb.uni-regensburg.de/?2197168&bibid=NALIB"	"retrodigitalisiert"	"kostenpflichtig"	"Subscription"	"http://xlink.rsc.org/?genre=journal&issn=0306-1353"	"natli_rsc_complete"	1971	1		1984	14			"Nationallizenz"
57225	"Annual Reports on the Progress of Chemistry (1904-1966)"	2	"Royal Society of Chemistry (RSC)"	"Chemie und Pharmazie"		"0365-6217"	"2197185-7"	"http://ezb.uni-regensburg.de/?2197185&bibid=NALIB"	"retrodigitalisiert"	"kostenpflichtig"	"Subscription"	"http://xlink.rsc.org/?genre=journal&issn=0365-6217"	"natli_rsc_complete"	1904	1		1966	63			"Nationallizenz"
57229	"Faraday, Symposia of the Chemical Society"	2	"Royal Society of Chemistry (RSC)"	"Chemie und Pharmazie"	"2050-8441"	"0301-5696"	"2197189-4"	"http://ezb.uni-regensburg.de/?2197189&bibid=NALIB"	"retrodigitalisiert"	"kostenpflichtig"	"Subscription"	"http://xlink.rsc.org/?genre=journal&issn=0301-5696"	"natli_rsc_complete"	1972	6		1984	19			"Nationallizenz"
57230	"Symposia of the Faraday Society"	2	"Royal Society of Chemistry (RSC)"	"Chemie und Pharmazie"	"2050-8433"	"0430-0696"	"2197195-X"	"http://ezb.uni-regensburg.de/?2197195&bibid=NALIB"	"retrodigitalisiert"	"kostenpflichtig"	"Subscription"	"http://xlink.rsc.org/?genre=journal&issn=0430-0696"	"natli_rsc_complete"	1967	1		1971	5			"Nationallizenz"
57235	"Faraday Special Discussions of the Chemical Society"	2	"Royal Society of Chemistry (RSC)"	"Chemie und Pharmazie"		"0308-2326"	"2197198-5"	"http://ezb.uni-regensburg.de/?2197198&bibid=NALIB"	"retrodigitalisiert"	"kostenpflichtig"	"Subscription"	"http://xlink.rsc.org/?genre=journal&issn=0370-9302"	"natli_rsc_complete"	1972	2		1972	2			"Nationallizenz"
57239	"Proceedings of the Institute of Chemistry of Great Britain and Ireland"	2	"Royal Society of Chemistry (RSC)"	"Chemie und Pharmazie"		"0368-3958"	"2197207-2"	"http://ezb.uni-regensburg.de/?2197207&bibid=NALIB"	"retrodigitalisiert"	"kostenpflichtig"	"Subscription"	"http://xlink.rsc.org/?genre=journal&issn=0368-3958"	"natli_rsc_complete"	1877	1		1919	43			"Nationallizenz"
57240	"Journal and Proceedings of the Institute of Chemistry of Great Britain and Ireland"	2	"Royal Society of Chemistry (RSC)"	"Chemie und Pharmazie"		"0368-3958"	"2197212-6"	"http://ezb.uni-regensburg.de/?2197212&bibid=NALIB"	"retrodigitalisiert"	"kostenpflichtig"	"Subscription"	"http://xlink.rsc.org/?genre=journal&journal_code=JG"	"natli_rsc_complete"	1920	44		1943	67			"Nationallizenz"
57241	"Journal of the Royal Institute of Chemistry"	2	"Royal Society of Chemistry (RSC)"	"Chemie und Pharmazie"		"0368-3958"	"2197216-3"	"http://ezb.uni-regensburg.de/?2197216&bibid=NALIB"	"retrodigitalisiert"	"kostenpflichtig"	"Subscription"	"http://xlink.rsc.org/?genre=journal&issn=0368-3958"	"natli_rsc_complete"	1950	74		1964	88			"Nationallizenz"
57242	"Journal of the Chemical Society"	2	"Royal Society of Chemistry (RSC)"	"Chemie und Pharmazie"		"0300-9246;0368-1769"	"2197229-1"	"http://ezb.uni-regensburg.de/?2197229&bibid=NALIB"	"retrodigitalisiert"	"kostenpflichtig"	"Subscription"	"http://xlink.rsc.org/?genre=journal&journal_code=JS"	"natli_rsc_complete"	1862	15		1877	32			"Nationallizenz"
57243	"Memoirs and Proceedings of the Chemical Society of London (formerly: Memoirs of the Chemical Society of London)"	2	"Royal Society of Chemistry (RSC)"	"Chemie und Pharmazie"		"0269-3127;0269-3143"	"2197251-5"	"http://ezb.uni-regensburg.de/?2197251&bibid=NALIB"	"retrodigitalisiert"	"kostenpflichtig"	"Subscription"	"http://xlink.rsc.org/?genre=journal&issn=0269-3119"	"natli_rsc_complete"	1841	1		1848	3			"Nationallizenz"
57246	"Proceedings of the Chemical Society"	2	"Royal Society of Chemistry (RSC)"	"Chemie und Pharmazie"		"0269-3135;0369-8718"	"2197276-X"	"http://ezb.uni-regensburg.de/?2197276&bibid=NALIB"	"retrodigitalisiert"	"kostenpflichtig"	"Subscription"	"http://xlink.rsc.org/?genre=journal&journal_code=PS"	"natli_rsc_complete"	1957			1964				"Nationallizenz"
57246	"Proceedings of the Chemical Society"	2	"Royal Society of Chemistry (RSC)"	"Chemie und Pharmazie"		"0269-3135;0369-8718"	"2197276-X"	"http://ezb.uni-regensburg.de/?2197276&bibid=NALIB"	"retrodigitalisiert"	"kostenpflichtig"	"Subscription"	"http://xlink.rsc.org/?genre=journal&journal_code=PL"	"natli_rsc_complete"	1885	1		1914				"Nationallizenz"
57248	"RIC Reviews (Royal Institute of Chemistry Reviews)"	2	"Royal Society of Chemistry (RSC)"	"Chemie und Pharmazie"		"0035-8940"	"2197283-7"	"http://ezb.uni-regensburg.de/?2197283&bibid=NALIB"	"retrodigitalisiert"	"kostenpflichtig"	"Subscription"	"http://xlink.rsc.org/?genre=journal&issn=0035-8940"	"natli_rsc_complete"	1968	1		1971	4			"Nationallizenz"
57249	"Quarterly Journal of the Chemical Society of London, The"	2	"Royal Society of Chemistry (RSC)"	"Chemie und Pharmazie"		"1743-6893"	"2197238-2"	"http://ezb.uni-regensburg.de/?2197238&bibid=NALIB"	"retrodigitalisiert"	"kostenpflichtig"	"Subscription"	"http://xlink.rsc.org/?genre=journal&issn=1743-6893"	"natli_rsc_complete"	1849	1		1862	14			"Nationallizenz"
57275	"Analytical Proceedings including Analytical Communications"	2	"Royal Society of Chemistry (RSC)"	"Chemie und Pharmazie"		"0144-557X;0306-1396"	"2232605-4"	"http://ezb.uni-regensburg.de/?2232605&bibid=NALIB"	"retrodigitalisiert"	"kostenpflichtig"	"Subscription"	"http://xlink.rsc.org/?genre=journal&issn=0144-557X"	"natli_rsc_complete"	1994	31		1995	32			"Nationallizenz"
57276	"Annual Reports on the Progress of Chemistry A: Physical and Inorganic Chemistry (1973-1978)"	2	"Royal Society of Chemistry (RSC)"	"Chemie und Pharmazie"	"1460-4760"	"0069-3022;0260-1818;0308-6003"	"1472855-2"	"http://ezb.uni-regensburg.de/?1472855&bibid=NALIB"	"retrodigitalisiert"	"kostenpflichtig"	"Subscription"	"http://xlink.rsc.org/?genre=journal&issn=0308-6003"	"natli_rsc_complete"	1973	70		1978	75			"Nationallizenz"
57277	"Annual Reports on the Progress of Chemistry A: General Physics and Inorganic Chemistry (1967-1972)"	2	"Royal Society of Chemistry (RSC)"	"Chemie und Pharmazie"	"1460-4760"	"0069-3022;0260-1818;0308-6003"	"1472855-2"	"http://ezb.uni-regensburg.de/?1472855&bibid=NALIB"	"retrodigitalisiert"	"kostenpflichtig"	"Subscription"	"http://xlink.rsc.org/?genre=journal&issn=0069-3022"	"natli_rsc_complete"	1967	64		1972	69			"Nationallizenz"
57312	"Chemical Communications (London)"	2	"Royal Society of Chemistry (RSC)"	"Chemie und Pharmazie"	"1364-548X"	"0009-241X;0022-4936;1359-7345"	"1472881-3"	"http://ezb.uni-regensburg.de/?1472881&bibid=NALIB"	"retrodigitalisiert"	"kostenpflichtig"	"Subscription"	"http://xlink.rsc.org/?genre=journal&issn=0009-241X"	"natli_rsc_complete"	1965			1968				"Nationallizenz"
57314	"Special Discussions of the Faraday Society"	2	"Royal Society of Chemistry (RSC)"	"Chemie und Pharmazie"		"0370-9302"	"2197203-5"	"http://ezb.uni-regensburg.de/?2197203&bibid=NALIB"	"retrodigitalisiert"	"kostenpflichtig"	"Subscription"	"http://pubs.rsc.org/en/journals/journalissues/sd#!issueid=sd1970_1_0&type=archive&issnprint=0370-9302"	"natli_rsc_complete"	1970	1		1970	1			"Nationallizenz"
57349	"Transactions of the Faraday Society"	2	"Royal Society of Chemistry (RSC)"	"Chemie und Pharmazie"		"0014-7672"	"2197749-5"	"http://ezb.uni-regensburg.de/?2197749&bibid=NALIB"	"retrodigitalisiert"	"kostenpflichtig"	"Subscription"	"http://xlink.rsc.org/?genre=journal&issn=0014-7672"	"natli_rsc_complete"	1905	1		1971	67			"Nationallizenz"
57350	"Journal of the Chemical Society, Faraday Transactions 1, Physical Chemistry in Condensed Phases"	2	"Royal Society of Chemistry (RSC)"	"Physik;Chemie und Pharmazie"		"0300-9599"	"2197755-0"	"http://ezb.uni-regensburg.de/?2197755&bibid=NALIB"	"retrodigitalisiert"	"kostenpflichtig"	"Subscription"	"http://xlink.rsc.org/?genre=journal&issn=0300-9599"	"natli_rsc_complete"	1972	68		1989	85			"Nationallizenz"
57351	"Journal of the Chemical Society, Faraday Transactions 2, Molecular and Chemical Physics"	2	"Royal Society of Chemistry (RSC)"	"Physik;Chemie und Pharmazie"		"0300-9238"	"2197753-7"	"http://ezb.uni-regensburg.de/?2197753&bibid=NALIB"	"retrodigitalisiert"	"kostenpflichtig"	"Subscription"	"http://xlink.rsc.org/?genre=journal&issn=0300-9238"	"natli_rsc_complete"	1972	68		1989	85			"Nationallizenz"
57401	"Journal of the Chemical Society, Transactions"	2	"Royal Society of Chemistry (RSC)"	"Chemie und Pharmazie"		"0300-9246;0368-1645;0368-1769"	"2197229-1"	"http://ezb.uni-regensburg.de/?2197229&bibid=NALIB"	"retrodigitalisiert"	"kostenpflichtig"	"Subscription"	"http://xlink.rsc.org/?genre=journal&issn=0368-1645"	"natli_rsc_complete"	1878	33		1925	127			"Nationallizenz"
57402	"Journal of the Chemical Society, Abstracts"	2	"Royal Society of Chemistry (RSC)"	"Chemie und Pharmazie"		"0300-9246;0368-1769;0590-9791"	"2197229-1"	"http://ezb.uni-regensburg.de/?2197229&bibid=NALIB"	"retrodigitalisiert"	"kostenpflichtig"	"Subscription"	"http://xlink.rsc.org/?genre=journal&issn=0590-9791"	"natli_rsc_complete"	1878	34		1925	128			"Nationallizenz"
57403	"Journal of the Chemical Society (Resumed)"	2	"Royal Society of Chemistry (RSC)"	"Chemie und Pharmazie"		"0300-9246;0368-1769"	"2197229-1"	"http://ezb.uni-regensburg.de/?2197229&bibid=NALIB"	"retrodigitalisiert"	"kostenpflichtig"	"Subscription"	"http://xlink.rsc.org/?genre=journal&journal_code=JR"	"natli_rsc_complete"	1926			1965				"Nationallizenz"
57409	"Journal and Proceedings of the Royal Institute of Chemistry of Great Britain and Ireland"	2	"Royal Society of Chemistry (RSC)"	"Chemie und Pharmazie"		"0368-3958"	"2197212-6"	"http://ezb.uni-regensburg.de/?2197212&bibid=NALIB"	"retrodigitalisiert"	"kostenpflichtig"	"Subscription"	"http://xlink.rsc.org/?genre=journal&journal_code=RG"	"natli_rsc_complete"	1944	68		1948	72			"Nationallizenz"
57410	"Journal and Proceedings of the Royal Institute of Chemistry"	2	"Royal Society of Chemistry (RSC)"	"Chemie und Pharmazie"		"0368-3958"	"2197212-6"	"http://ezb.uni-regensburg.de/?2197212&bibid=NALIB"	"retrodigitalisiert"	"kostenpflichtig"	"Subscription"	"http://xlink.rsc.org/?genre=journal&journal_code=JP"	"natli_rsc_complete"	1949	73		1949	73			"Nationallizenz"
58825	"Contemporary Organic Synthesis"	2	"Royal Society of Chemistry (RSC)"	"Chemie und Pharmazie"		"1350-4894"	"2203903-X"	"http://ezb.uni-regensburg.de/?2203903&bibid=NALIB"	"retrodigitalisiert"	"kostenpflichtig"	"Subscription"	"http://xlink.rsc.org/?genre=journal&issn=1350-4894"	"natli_rsc_complete"	1994	1		1997	4			"Nationallizenz"
87745	"Jubilee of the Chemical Society"	2	"RSC Publ."	"Chemie und Pharmazie"			"2232812-9"	"http://ezb.uni-regensburg.de/?2232812&bibid=NALIB"	"retrodigitalisiert"	"kostenpflichtig"	"nicht anwendbar"	"http://xlink.rsc.org/?genre=journal&journal_code=M1"	"natli_rsc_complete"	1891			1891				"Nationallizenz"
96677	"Education in Chemistry"	6	"Royal Society of Chemistry (RSC)"	"Chemie und Pharmazie"	"1749-5326"	"0013-1350"	"2395698-7"	"http://ezb.uni-regensburg.de/?2395698&bibid=NALIB"	"Volltext, Online und Druckausgabe"	"kostenlos mit Druckausgabe"	"Subscription"	"http://www.rsc.org/education/eic/issues/issue-archive.asp"	"natli_rsc_complete"	2006	43		2013	50			"DFG-geförderte Allianz-Lizenz"
96677	"Education in Chemistry"	6	"Royal Society of Chemistry (RSC)"	"Chemie und Pharmazie"	"1749-5326"	"0013-1350"	"2395698-7"	"http://ezb.uni-regensburg.de/?2395698&bibid=NALIB"	"Volltext, Online und Druckausgabe"	"kostenlos mit Druckausgabe"	"Subscription"	"http://www.rsc.org/eic/e-magazine"	"natli_rsc_complete"	2011	48						"DFG-geförderte Allianz-Lizenz"
108487	"Energy and Environmental Science"	2	"Royal Society of Chemistry (RSC)"	"Energie, Umweltschutz, Kerntechnik"	"1754-5706"	"1754-5692"	"2439879-2"	"http://ezb.uni-regensburg.de/?2439879&bibid=NALIB"	"Volltext, Online und Druckausgabe"	"kostenpflichtig"	"individuelle Registrierung"	"http://xlink.rsc.org/?genre=journal&issn=1754-5706"	"natli_rsc_complete"	2008	1						"DFG-geförderte Allianz-Lizenz"
124713	"Analytical Methods"	2	"Royal Society of Chemistry (RSC)"	"Chemie und Pharmazie"	"1759-9679"	"1759-9660"	"2515210-5"	"http://ezb.uni-regensburg.de/?2515210&bibid=NALIB"	"Volltext, Online und Druckausgabe"	"kostenlos mit Druckausgabe"	"Subscription"	"http://xlink.rsc.org?genre=journal&issn=1759-9679"	"natli_rsc_complete"	2009	1	1					"DFG-geförderte Allianz-Lizenz"
128701	"Polymer Chemistry"	2	"Royal Society of Chemistry (RSC)"	"Chemie und Pharmazie"	"1759-9962"	"1759-9954"	"2528812-X"	"http://ezb.uni-regensburg.de/?2528812&bibid=NALIB"	"Volltext, Online und Druckausgabe"	"kostenpflichtig"	"Subscription"	"http://xlink.rsc.org?genre=journal&issn=1759-9962"	"natli_rsc_complete"	2010	1	1					"DFG-geförderte Allianz-Lizenz"
130367	"MedChemComm"	2	"Royal Society of Chemistry (RSC)"	"Chemie und Pharmazie"	"2040-2511"	"2040-2503"	"2545949-1"	"http://ezb.uni-regensburg.de/?2545949&bibid=NALIB"	"Volltext, Online und Druckausgabe"	"kostenpflichtig"	"nicht anwendbar"	"http://xlink.rsc.org?genre=journal&issn=2040-2511"	"natli_rsc_complete"	2010	1	1					"DFG-geförderte Allianz-Lizenz"
145753	"Food and Function"	2	"Royal Society of Chemistry (RSC)"	"Verfahrenstechnik, Biotechnologie, Lebensmitteltechnologie;Land- und Forstwirtschaft. Gartenbau. Fischereiwirtschaft. Hauswirtschaft. Ernährung"	"2042-650X"	"2042-6496"	"2578152-2"	"http://ezb.uni-regensburg.de/?2578152&bibid=NALIB"	"Volltext, Online und Druckausgabe"	"kostenlos mit Druckausgabe"	"Subscription"	"http://xlink.rsc.org?genre=journal&issn=2042-650X"	"natli_rsc_complete"	2010	1	1					"DFG-geförderte Allianz-Lizenz"
151291	"Metallomics"	2	"Royal Society of Chemistry (RSC)"	"Biologie;Chemie und Pharmazie"	"1756-591X"	"1756-5901"	"2474317-3"	"http://ezb.uni-regensburg.de/?2474317&bibid=NALIB"	"Volltext, Online und Druckausgabe"	"kostenpflichtig"	"Subscription"	"http://xlink.rsc.org?genre=journal&issn=1756-591X"	"natli_rsc_complete"	2009	1	1					"DFG-geförderte Allianz-Lizenz"
151296	"Integrative Biology (RSC)"	2	"Royal Society of Chemistry (RSC)"	"Biologie"	"1757-9708"	"1757-9694"	"2480063-6"	"http://ezb.uni-regensburg.de/?2480063&bibid=NALIB"	"Volltext, Online und Druckausgabe"	"kostenpflichtig"	"Subscription"	"http://pubs.rsc.org/en/Journals/JournalIssues/IB"	"natli_rsc_complete"	2009	1						"DFG-geförderte Allianz-Lizenz"
151462	"Catalysis Science and Technology"	2	"Royal Society of Chemistry (RSC)"	"Chemie und Pharmazie"	"2044-4761"	"2044-4753"	"2595090-3"	"http://ezb.uni-regensburg.de/?2595090&bibid=NALIB"	"Volltext, Online und Druckausgabe"	"kostenpflichtig"	"Subscription"	"http://xlink.rsc.org?genre=journal&issn=2044-4761"	"natli_rsc_complete"	2011	1	1					"DFG-geförderte Allianz-Lizenz"
165323	"Nanoscale"	2	"Royal Society of Chemistry (RSC)"	"Maschinenwesen, Werkstoffwissenschaften, Fertigungstechnik, Bergbau u. Hüttenwesen, Verkehrstechnik, Feinwerktechnik;Physik;Chemie und Pharmazie;Technik allgemein"	"2040-3372"	"2040-3364"	"2515664-0"	"http://ezb.uni-regensburg.de/?2515664&bibid=NALIB"	"Volltext, Online und Druckausgabe"	"kostenpflichtig"	"Subscription"	"http://xlink.rsc.org?genre=journal&issn=2040-3372"	"natli_rsc_complete"	2009	1	1					"DFG-geförderte Allianz-Lizenz"
189296	"Toxicology Research"	2	"Royal Society of Chemistry (RSC)"	"Chemie und Pharmazie"	"2045-4538"	"2045-452X"	"2684701-2"	"http://ezb.uni-regensburg.de/?2684701&bibid=NALIB"	"Volltext, Online und Druckausgabe"	"kostenpflichtig"	"Subscription"	"http://xlink.rsc.org?genre=journal&eissn=2045-4538&date=2012"	"natli_rsc_complete"	2012	1						"DFG-geförderte Allianzlizenz"
193017	"RSC Advances"	2	"Royal Society of Chemistry (RSC)"	"Chemie und Pharmazie"	"2046-2069"		"2623224-8"	"http://ezb.uni-regensburg.de/?2623224&bibid=NALIB"	"Volltext, nur online"	"kostenpflichtig"	"Subscription"	"http://pubs.rsc.org/en/Journals/JournalIssues/RA"	"natli_rsc_complete"	2011	1						"DFG-geförderte Allianzlizenz"
193021	"Biomaterials Science"	2	"Royal Society of Chemistry (RSC)"	"Chemie und Pharmazie"	"2047-4849"	"2047-4830"	"2693928-9"	"http://ezb.uni-regensburg.de/?2693928&bibid=NALIB"	"Volltext, Online und Druckausgabe"	"kostenpflichtig"	"Subscription"	"http://xlink.rsc.org?genre=journal&issn=2047-4849"	"natli_rsc_complete"	2013	1	1					"DFG-geförderte Allianz-Lizenz"
194690	"Journal of Materials Chemistry A: Materials for Energy and Sustainability"	2	"Royal Society of Chemistry (RSC)"	"Chemie und Pharmazie"	"2050-7496"	"2050-7488"	"2702232-8"	"http://ezb.uni-regensburg.de/?2702232&bibid=NALIB"	"Volltext, Online und Druckausgabe"	"kostenlos mit Druckausgabe"	"Subscription"	"http://xlink.rsc.org/?genre=journal&issn=2050-7496"	"natli_rsc_complete"	2013	1						"DFG-geförderte Allianz-Lizenz"
194691	"Journal of Materials Chemistry B: Materials for Biology and Medicine"	2	"Royal Society of Chemistry (RSC)"	"Chemie und Pharmazie"	"2050-7518"	"2050-750X"	"2702241-9"	"http://ezb.uni-regensburg.de/?2702241&bibid=NALIB"	"Volltext, Online und Druckausgabe"	"kostenlos mit Druckausgabe"	"nicht anwendbar"	"http://xlink.rsc.org/?genre=journal&issn=2050-7518"	"natli_rsc_complete"	2013	1						"DFG-geförderte Allianz-Lizenz"
194692	"Journal of Materials Chemistry C: Materials for Optical and Electronic Devices"	2	"Royal Society of Chemistry (RSC)"	"Physik;Chemie und Pharmazie"	"2050-7534"	"2050-7526"	"2702245-6"	"http://ezb.uni-regensburg.de/?2702245&bibid=NALIB"	"Volltext, Online und Druckausgabe"	"kostenlos mit Druckausgabe"	"Subscription"	"http://xlink.rsc.org/?genre=journal&issn=2050-7534"	"natli_rsc_complete"	2013	1						"DFG-geförderte Allianz-Lizenz"
195008	"Environmental Science: Processes and Impacts"	2	"Royal Society of Chemistry (RSC)"	"Energie, Umweltschutz, Kerntechnik"	"2050-7895"	"2050-7887"	"2703791-5"	"http://ezb.uni-regensburg.de/?2703791&bibid=NALIB"	"Volltext, Online und Druckausgabe"	"kostenlos mit Druckausgabe"	"nicht anwendbar"	"http://xlink.rsc.org/?genre=journal&issn=2050-7895"	"natli_rsc_complete"	2013	15						"DFG-geförderte Allianz-Lizenz"
198301	"Journal of the Royal Society of Chemistry : Perkin Transactions 1"	2	"Royal Society of Chemistry (RSC)"	"Chemie und Pharmazie"	"2050-8255"	"0300-922X"	"2197824-4"	"http://ezb.uni-regensburg.de/?2197824&bibid=NALIB"	"Volltext, Online und Druckausgabe"	"kostenpflichtig"	"Subscription"	"http://xlink.rsc.org?genre=journal&eissn=1364-5463&date=1972"	"natli_rsc_complete"	1972			1999				"DFG-geförderte Allianz-Lizenz"
198302	"Perkin 1"	2	"Royal Society of Chemistry (RSC)"	"Chemie und Pharmazie"	"1364-5463;2050-8263"	"0300-922X;1470-4358"	"1472938-6"	"http://ezb.uni-regensburg.de/?1472938&bibid=NALIB"	"Volltext, Online und Druckausgabe"	"kostenpflichtig"	"Subscription"	"http://xlink.rsc.org?genre=journal&eissn=1364-5463&date=2000"	"natli_rsc_complete"	2000			2000				"DFG-geförderte Allianz-Lizenz"
198303	"Journal of the Royal Society of Chemistry: Perkin Transactions 2"	2	"Royal Society of Chemistry (RSC)"	"Chemie und Pharmazie"	"2050-8239"	"0300-9580"	"2197818-9"	"http://ezb.uni-regensburg.de/?2197818&bibid=NALIB"	"Volltext, Online und Druckausgabe"	"kostenpflichtig"	"Subscription"	"http://xlink.rsc.org?genre=journal&eissn=1364-5471&date=1972"	"natli_rsc_complete"	1972			1999				"DFG-geförderte Allianz-Lizenz"
198304	"Perkin 2"	2	"Royal Society of Chemistry (RSC)"	"Chemie und Pharmazie"	"2050-8247"	"1470-1820"	"1472943-x"	"http://ezb.uni-regensburg.de/?1472943&bibid=NALIB"	"Volltext, Online und Druckausgabe"	"kostenpflichtig"	"Subscription"	"http://xlink.rsc.org?genre=journal&eissn=1364-5471&date=2000"	"natli_rsc_complete"	2000			2000				"DFG-geförderte Allianz-Lizenz"
198325	"Journal of the Chemical Society. Dalton Transactions (1972 - 1999)"	2	"Royal Society of Chemistry (RSC)"	"Chemie und Pharmazie"		"0300-9246"	"1472887-4"	"http://ezb.uni-regensburg.de/?1472887&bibid=NALIB"	"Volltext, Online und Druckausgabe"	"kostenpflichtig"	"Subscription"	"http://xlink.rsc.org?genre=journal&eissn=1364-5447&date=1972"	"natli_rsc_complete"	1972			1999				"DFG-geförderte Allianz-Lizenz"
198326	"Journal of the Chemical Society. Dalton Transactions (2000)"	2	"Royal Society of Chemistry (RSC)"	"Chemie und Pharmazie"		"1470-479X"	"1472887-4"	"http://ezb.uni-regensburg.de/?1472887&bibid=NALIB"	"Volltext, Online und Druckausgabe"	"kostenpflichtig"	"Subscription"	"http://xlink.rsc.org?genre=journal&eissn=1364-5447&date=2000"	"natli_rsc_complete"	2000			2000				"DFG-geförderte Allianz-Lizenz"
198327	"Journal of the Chemical Society. Dalton Transactions (2001 - 2002)"	2	"Royal Society of Chemistry (RSC)"	"Chemie und Pharmazie"	"1364-5447"	"1472-7773"	"1472887-4"	"http://ezb.uni-regensburg.de/?1472887&bibid=NALIB"	"Volltext, Online und Druckausgabe"	"kostenpflichtig"	"Subscription"	"http://xlink.rsc.org?genre=journal&eissn=1364-5447&date=2001"	"natli_rsc_complete"	2001			2002				"DFG-geförderte Allianz-Lizenz"
203153	"Materials Horizons"	2	"Royal Society of Chemistry (RSC)"	"Chemie und Pharmazie"	"2051-6355"	"2051-6347"	"2744250-0"	"http://ezb.uni-regensburg.de/?2744250&bibid=NALIB"	"Volltext, Online und Druckausgabe"	"kostenlos mit Druckausgabe"	"Subscription"	"http://xlink.rsc.org?genre=journal&issn=2051-6355"	"natli_rsc_complete"	2014	1						"DFG-geförderte Allianz-Lizenz"
212847	"Environmental Science: Nano"	2	"Royal Society of Chemistry (RSC)"	"Chemie und Pharmazie"	"2051-8161"	"2051-8153"	"2758235-8"	"http://ezb.uni-regensburg.de/?2758235&bibid=NALIB"	"Volltext, Online und Druckausgabe"	"kostenpflichtig"	"Subscription"	"http://xlink.rsc.org?genre=journal&issn=2051-8161"	"natli_rsc_complete"	2014	1						"DFG-geförderte Allianz-Lizenz"
238200	"Nanoscale Horizons"	2	"Royal Society of Chemistry (RSC)"	"Chemie und Pharmazie"	"2055-6764"	"2055-6756"	"2840770-2"	"http://ezb.uni-regensburg.de/?2840770&bibid=NALIB"	"Volltext, Online und Druckausgabe"	"kostenpflichtig"	"Subscription"	"http://xlink.rsc.org/?genre=journal&issn=2055-6756"	"natli_rsc_complete"	2016	1						"DFG-geförderte Allianz-Lizenz"
239557	"Reaction Chemistry & Engineering"	2	"Royal Society of Chemistry (RSC)"	"Chemie und Pharmazie"	"2058-9883"		"2842577-7"	"http://ezb.uni-regensburg.de/?2842577&bibid=NALIB"	"Volltext, nur online"	"kostenpflichtig"	"Subscription"	"http://xlink.rsc.org/?genre=journal&issn=2058-9883"	"natli_rsc_complete"	2016	1						"DFG-geförderte Allianz-Lizenz"
